-- phpMyAdmin SQL Dump
-- version 4.8.4
-- https://www.phpmyadmin.net/
--
-- Host: 127.0.0.1
-- Generation Time: Dec 26, 2019 at 04:23 PM
-- Server version: 10.1.37-MariaDB
-- PHP Version: 7.3.0

SET SQL_MODE = "NO_AUTO_VALUE_ON_ZERO";
SET AUTOCOMMIT = 0;
START TRANSACTION;
SET time_zone = "+00:00";


/*!40101 SET @OLD_CHARACTER_SET_CLIENT=@@CHARACTER_SET_CLIENT */;
/*!40101 SET @OLD_CHARACTER_SET_RESULTS=@@CHARACTER_SET_RESULTS */;
/*!40101 SET @OLD_COLLATION_CONNECTION=@@COLLATION_CONNECTION */;
/*!40101 SET NAMES utf8mb4 */;

--
-- Database: `report_cards`
--

-- --------------------------------------------------------

--
-- Table structure for table `athletes`
--

CREATE TABLE `athletes` (
  `id` int(11) NOT NULL,
  `first_name` varchar(50) NOT NULL,
  `last_name` varchar(50) NOT NULL,
  `date_of_birth` date NOT NULL,
  `active` tinyint(1) NOT NULL DEFAULT '1'
) ENGINE=InnoDB DEFAULT CHARSET=latin1;

--
-- Dumping data for table `athletes`
--

INSERT INTO `athletes` (`id`, `first_name`, `last_name`, `date_of_birth`, `active`) VALUES
(1, 'Michael', 'Zeuner', '1996-10-17', 1),
(2, 'Jordyn', 'Miller-Burko', '1994-11-10', 1),
(3, 'Sandra', 'Zeuner', '1965-12-31', 1),
(4, 'Rizwan', 'Vandal', '1986-01-01', 1),
(8, 'Jackson', 'Miller-Burko', '2001-10-10', 1),
(9, 'Eric', 'Hordyk', '1996-12-03', 1),
(10, 'Brad', 'Vyn', '1996-08-08', 1),
(1379, 'Mia', 'Atkinson', '2009-04-21', 1),
(1380, 'Katelyn', 'Ballard', '2009-08-07', 1),
(1381, 'Ashley', 'Anello', '2009-05-13', 1),
(1382, 'Layan', 'Amin', '2012-08-31', 1),
(1383, 'Kiersten', 'Baller', '2007-10-27', 1),
(1384, 'Ilia', 'Belanger Bordeleau', '2011-02-07', 1),
(1385, 'Sienna', 'Betts', '2014-04-26', 1),
(1386, 'Ava', 'Birch', '2008-01-09', 1),
(1387, 'Kayla', 'Bowman', '2011-10-13', 1),
(1388, 'Logan', 'Bowman', '2010-04-17', 1),
(1389, 'Elyse', 'Bradley', '2014-12-14', 1),
(1390, 'Jordan', 'Burke', '2014-04-11', 1),
(1391, 'Samantha', 'Britton', '2006-09-08', 1),
(1392, 'Maelle', 'Bradley', '2012-08-31', 1),
(1393, 'Addison', 'Chipman', '2009-07-03', 1),
(1394, 'Hazel', 'Clark', '2011-08-19', 1),
(1395, 'Emma', 'Cornea', '2009-08-04', 1),
(1396, 'Penelope', 'Dej', '2012-09-02', 1),
(1397, 'Sofia', 'Daly', '2011-10-19', 1),
(1398, 'Avery', 'Daly', '2012-12-04', 1),
(1399, 'Madison', 'Daly', '2008-12-16', 1),
(1400, 'Kylie', 'Cornish', '2012-04-18', 1),
(1401, 'Denika', 'Ellis', '2011-01-21', 1),
(1402, 'Addison', 'Eames', '2008-09-28', 1),
(1403, 'Maya', 'Ferguson', '2007-06-23', 1),
(1404, 'Alexa', 'Gerth', '2003-04-19', 1),
(1405, 'Isabella', 'Fraser', '2014-04-09', 1),
(1406, 'Vivienne', 'Fraser', '2015-09-03', 1),
(1407, 'Charlotte', 'Gowing', '2007-11-04', 1),
(1408, 'Ruby', 'Gowing', '2009-11-26', 1),
(1409, 'Noemy', 'Girard', '2010-01-01', 1),
(1410, 'Ryley', 'Gowing', '2009-11-26', 1),
(1411, 'Ayla', 'Hobson', '2011-01-17', 1),
(1412, 'Paige', 'Griffin', '2009-08-19', 1),
(1413, 'Ashly', 'Honderich', '2006-01-18', 1),
(1414, 'Liza', 'Honsberger', '2016-04-04', 1),
(1415, 'Maya', 'Jackson', '2009-09-01', 1),
(1416, 'Theodora', 'Jesso', '2012-01-14', 1),
(1417, 'Ariana', 'Kaminski', '2011-10-21', 1),
(1418, 'Emerson', 'Kitching', '2011-06-09', 1),
(1419, 'Victoria', 'Knickle', '2012-02-18', 1),
(1420, 'Jessica', 'Koppeser', '2009-10-22', 1),
(1421, 'Maya', 'Kot', '2012-06-15', 1),
(1422, 'Madison', 'Lane-Desbois', '2010-01-27', 1),
(1423, 'Jadyn', 'Lanois', '2007-04-27', 1),
(1424, 'Avery', 'Kowalchyk', '2013-03-28', 1),
(1425, 'Alexa', 'Lucanie', '2009-06-16', 1),
(1426, 'Sydney', 'Marshall', '2003-04-07', 1),
(1427, 'Louise', 'Laustsen', '2009-01-23', 1),
(1428, 'Shawna', 'McLoughlin', '2003-09-18', 1),
(1429, 'Malia', 'Medeiros', '2012-04-21', 1),
(1430, 'Thaida', 'Medeiros', '2007-12-08', 1),
(1431, 'Alia', 'Mendoza', '2010-09-20', 1),
(1432, 'Claire', 'Parsons', '2007-12-16', 1),
(1433, 'Morgan', 'Mummery', '2012-03-22', 1),
(1434, 'Mackenzie', 'Pereira', '2006-04-10', 1),
(1435, 'Cloe', 'Pessoa Roy', '2013-02-22', 1),
(1436, 'Maya', 'Pessoa Roy', '2013-02-22', 1),
(1437, 'Isabelle (Izzy)', 'Piron', '2010-11-05', 1),
(1438, 'Hanna', 'Pigozzo', '2014-06-12', 1),
(1439, 'Taylor', 'Rattansingh', '2012-03-08', 1),
(1440, 'Taelyn', 'Ratz', '2010-10-14', 1),
(1441, 'Makayla', 'Ritchie', '2009-01-27', 1),
(1442, 'Tanisha', 'Sawyer', '2007-10-21', 1),
(1443, 'Alyson', 'Reiner', '2009-05-31', 1),
(1444, 'Kenadie', 'Rose', '2007-07-06', 1),
(1445, 'Katya', 'Seufert', '2005-08-10', 1),
(1446, 'Layla', 'Sousa', '2015-01-29', 1),
(1447, 'Madelyn', 'Stark', '2008-04-30', 1),
(1448, 'Sara', 'Suzuki', '2009-02-24', 1),
(1449, 'Madeline', 'Stone', '2011-12-05', 1),
(1450, 'Emery', 'Stradiotto', '2012-10-10', 1),
(1451, 'Alise', 'Stoller', '2011-07-12', 1),
(1452, 'Paige', 'Thompson', '2003-08-21', 1),
(1453, 'Alexis', 'Vukelich', '2012-02-21', 1),
(1454, 'Amelia', 'Truba', '2009-07-12', 1),
(1455, 'Mya', 'Vandergaag', '2010-04-28', 1),
(1456, 'Nicole', 'White', '2007-03-27', 1),
(1457, 'Ava', 'Turpin', '2008-01-21', 1),
(1458, 'Danika', 'Widdifield', '2014-10-14', 1),
(1459, 'Adelaide', 'Winger', '2013-02-26', 1),
(1460, 'Evelyn', 'Woods', '2013-12-26', 1),
(1461, 'Sabrina', 'Xoumpholphakdy', '2010-07-08', 1),
(1462, 'Julia', 'Wolf', '2004-09-07', 1),
(1463, 'Talia', 'Zacharias', '2011-06-21', 1),
(1464, 'Layla', 'Abuzeyit', '2009-09-03', 1),
(1465, 'Charlize', 'Alegre', '2009-09-17', 1),
(1466, 'Jasmina', 'Alegre', '2011-05-19', 1),
(1467, 'Kennedy', 'Alegre', '2014-08-10', 1),
(1468, 'Hannah', 'Alexander', '2015-02-18', 1),
(1469, 'Brooklyn', 'Allen', '2013-09-06', 1),
(1470, 'Chloe', 'Allan', '2009-11-28', 1),
(1471, 'Aymelin', 'Alikaj', '2014-11-13', 1),
(1472, 'Amy', 'Almeida', '2011-08-25', 1),
(1473, 'Paige-Elizabeth', 'Amaral', '2016-03-02', 1),
(1474, 'Sofia', 'Amaya', '2013-04-10', 1),
(1475, 'Angelina', 'Anello', '2007-05-07', 1),
(1476, 'Audrey', 'Aquilina', '2012-08-02', 1),
(1477, 'Nate', 'Annis', '2015-12-03', 1),
(1478, 'Matthew', 'Aquilina', '2014-07-23', 1),
(1479, 'Mana', 'Arai', '2012-05-05', 1),
(1480, 'Laurie', 'Archer', '2017-09-19', 1),
(1481, 'Kaylee', 'Armstrong', '2011-08-06', 1),
(1482, 'Ayla', 'Argo', '2015-06-26', 1),
(1483, 'Evie', 'Ashworth', '2017-06-30', 1),
(1484, 'Samantha', 'Aubin-Zdrahal', '2009-01-22', 1),
(1485, 'Suhaavi', 'Atwal', '2013-01-20', 1),
(1486, 'Keaton', 'Austin', '2015-01-08', 1),
(1487, 'Melyssa', 'Babb', '2013-08-24', 1),
(1488, 'Aalaya', 'Bacon', '2015-05-28', 1),
(1489, 'Makayla', 'Bacchus', '2012-01-03', 1),
(1490, 'Charlotte', 'Bacon', '2016-12-04', 1),
(1491, 'Lily', 'Baker', '2006-06-07', 1),
(1492, 'Ambereen Kaur', 'Bal', '2010-05-29', 1),
(1493, 'Samreen Kaur', 'Bal', '2007-08-13', 1),
(1494, 'Mia', 'Bales', '2012-07-21', 1),
(1495, 'Talia', 'Bales', '2014-09-02', 1),
(1496, 'Ellie', 'Banh', '2016-10-23', 1),
(1497, 'Hannah', 'Barber', '2017-09-25', 1),
(1498, 'Jaclyn', 'Barker', '2017-06-10', 1),
(1499, 'Emma', 'Barefoot', '2009-09-25', 1),
(1500, 'Mia', 'Barrera', '2012-02-01', 1),
(1501, 'Cielo', 'Barrera', '2006-10-29', 1),
(1502, 'Madison', 'Barwell', '2010-01-10', 1),
(1503, 'Emma', 'Batista', '2013-03-05', 1),
(1504, 'Bronwyn', 'Baxter', '2016-05-11', 1),
(1505, 'Bryxlie', 'Baxter', '2018-04-24', 1),
(1506, 'Avery', 'Bernardo', '2014-10-21', 1),
(1507, 'Levi', 'Betts', '2015-12-12', 1),
(1508, 'Ivanka', 'Biga', '2016-08-10', 1),
(1509, 'Hazel', 'Bin', '2018-02-18', 1),
(1510, 'Emrie', 'Bodden', '2017-05-31', 1),
(1511, 'Isaac', 'Blackmore', '2016-12-11', 1),
(1512, 'Kinsley', 'Birtch', '2011-10-17', 1),
(1513, 'Zaria', 'Blair', '2015-10-26', 1),
(1514, 'Charlotte', 'Bohl', '2017-01-07', 1),
(1515, 'Paisley', 'Boland', '2007-08-25', 1),
(1516, 'Beckham', 'Booth', '2017-11-14', 1),
(1517, 'Audrey', 'Borba', '2011-09-07', 1),
(1518, 'Brooklyn', 'Booth', '2015-10-03', 1),
(1519, 'Cayla', 'Botelho', '2013-08-13', 1),
(1520, 'Megan', 'Bourne', '2007-08-17', 1),
(1521, 'Gemma', 'Bourne', '2007-08-17', 1),
(1522, 'Cole', 'Bowers', '2016-02-12', 1),
(1523, 'Harrison', 'Bowers', '2013-01-08', 1),
(1524, 'Tristyn', 'Bowman-Reis', '2012-03-06', 1),
(1525, 'Norah', 'Bowry', '2015-11-18', 1),
(1526, 'Reggie', 'Bowman', '2013-08-07', 1),
(1527, 'Claire', 'Boyd', '2013-01-08', 1),
(1528, 'Lilah', 'Boyd', '2014-08-08', 1),
(1529, 'Rayna', 'Boyd', '2009-08-18', 1),
(1530, 'Sadie', 'Boyd', '2015-09-07', 1),
(1531, 'Megan', 'Boylan', '2009-03-23', 1),
(1532, 'Arianna', 'Bradley', '2007-11-16', 1),
(1533, 'Philip', 'Brown', '2017-11-17', 1),
(1534, 'Madison', 'Brethauer', '2006-07-07', 1),
(1535, 'Keaton', 'Brown', '2011-02-09', 1),
(1536, 'Aubree', 'Brown', '2014-06-13', 1),
(1537, 'Evelyn', 'Braunig', '2010-12-06', 1),
(1538, 'Brooke-Lyn', 'Bruce', '2013-01-06', 1),
(1539, 'Ayden', 'Bryce', '2004-07-08', 1),
(1540, 'Jacky', 'Buckley-Ash', '2007-07-18', 1),
(1541, 'Brooklyn', 'Bunn', '2007-11-11', 1),
(1542, 'Brooke', 'Bundy', '2010-10-17', 1),
(1543, 'Katelynn', 'Burke', '2014-08-21', 1),
(1544, 'Benson', 'Buzny', '2016-01-08', 1),
(1545, 'Rylan', 'Burt', '2015-06-27', 1),
(1546, 'Maeve', 'Buzny', '2014-05-18', 1),
(1547, 'Elliott', 'Cairns', '2017-02-25', 1),
(1548, 'Charlotte (Charlie)', 'Callaghan', '2015-12-10', 1),
(1549, 'Claudio', 'Cacciacarro', '2014-07-05', 1),
(1550, 'Charlotte', 'Cameron', '2014-12-20', 1),
(1551, 'Annalise', 'Cameron', '2014-12-20', 1),
(1552, 'Elise', 'Campbell', '2014-09-27', 1),
(1553, 'Jaxon', 'Cardenas', '2011-11-28', 1),
(1554, 'Isla', 'Campbell', '2014-03-28', 1),
(1555, 'Ella', 'Cantu', '2012-07-23', 1),
(1556, 'Kallie', 'Cardenas', '2011-11-28', 1),
(1557, 'Elisabeth', 'Carrier', '2011-03-21', 1),
(1558, 'Camilla', 'Carrillo', '2013-07-05', 1),
(1559, 'Eva', 'Carrillo', '2011-12-18', 1),
(1560, 'Jessica', 'Carson', '2010-04-26', 1),
(1561, 'Nevaeh', 'Carter', '2013-05-09', 1),
(1562, 'Rosie', 'Castro Garcia', '2009-07-25', 1),
(1563, 'Kaylin', 'Chaves', '2011-06-26', 1),
(1564, 'Benjamin', 'Cho', '2015-10-27', 1),
(1565, 'Eloise', 'Cho', '2017-03-13', 1),
(1566, 'Aria', 'Chow', '2012-10-02', 1),
(1567, 'Faith', 'Chesterman', '2014-09-06', 1),
(1568, 'Ella', 'Chow', '2011-04-26', 1),
(1569, 'Molly', 'Clarke', '2014-10-17', 1),
(1570, 'Lauren', 'Clay', '2009-09-19', 1),
(1571, 'Juliana', 'Circelli', '2008-06-06', 1),
(1572, 'Jaivan', 'Clegg', '2015-11-29', 1),
(1573, 'Allyson', 'Cofield', '2012-07-01', 1),
(1574, 'Mackenzie', 'Collins', '2010-10-10', 1),
(1575, 'Abigail', 'Comfort', '2010-03-02', 1),
(1576, 'Monroe', 'Conley', '2013-04-23', 1),
(1577, 'Mackenzie', 'Connell', '2018-06-09', 1),
(1578, 'Sariah', 'Conway', '2013-04-27', 1),
(1579, 'Bayley', 'Cook', '2012-03-26', 1),
(1580, 'Mackenzie', 'Cook', '2010-11-29', 1),
(1581, 'Ella', 'Cook', '2006-06-07', 1),
(1582, 'Dani', 'Copoc', '2013-07-30', 1),
(1583, 'Ivory', 'Copping', '2009-09-29', 1),
(1584, 'Alexander', 'Cormier', '2014-08-11', 1),
(1585, 'Victoria', 'Cormier', '2012-04-21', 1),
(1586, 'Ava', 'Costa', '2014-03-23', 1),
(1587, 'Gabby (Gabriella)', 'Court', '2009-12-02', 1),
(1588, 'Olivia', 'Costa', '2009-09-27', 1),
(1589, 'Grace', 'Crowe', '2008-01-17', 1),
(1590, 'Savannah', 'Cruz', '2013-09-04', 1),
(1591, 'Sienna', 'Cruz', '2015-07-07', 1),
(1592, 'Talia', 'Cruz', '2009-05-06', 1),
(1593, 'Erika', 'Cvar', '2009-06-18', 1),
(1594, 'Avery', 'D\'Aoust', '2015-03-10', 1),
(1595, 'Cohen', 'Cummings', '2017-08-09', 1),
(1596, 'Lilah', 'D\'Aoust', '2017-02-28', 1),
(1597, 'Addyson', 'Darling', '2015-04-29', 1),
(1598, 'Giselle', 'De Leur', '2009-11-17', 1),
(1599, 'Aria', 'Decosemo', '2015-03-15', 1),
(1600, 'Laila', 'Delaney', '2018-01-25', 1),
(1601, 'Hannah', 'DeGier', '2017-11-26', 1),
(1602, 'Joyce', 'DeGier', '2011-01-14', 1),
(1603, 'Bennett', 'Devoe', '2014-08-31', 1),
(1604, 'Abigail', 'Deweese', '2011-02-16', 1),
(1605, 'Gurman', 'Dhaliwal', '2007-12-17', 1),
(1606, 'Jaanvi', 'Dhaliwal', '2012-10-03', 1),
(1607, 'Parijot', 'Dhaliwal', '2010-11-18', 1),
(1608, 'Stella', 'Dilworth', '2011-04-22', 1),
(1609, 'Ella', 'Dingman', '2011-06-17', 1),
(1610, 'Mia', 'Dougdeen', '2014-05-18', 1),
(1611, 'Marleigh', 'Dolmer', '2011-09-18', 1),
(1612, 'Tiegan', 'Dougdeen', '2011-11-01', 1),
(1613, 'Alia', 'Downe', '2013-03-26', 1),
(1614, 'Ayla', 'Downey', '2009-03-28', 1),
(1615, 'Olivia', 'Downe', '2015-10-28', 1),
(1616, 'Elise', 'Downey', '2013-04-30', 1),
(1617, 'Willow', 'Duffield', '2012-10-11', 1),
(1618, 'Daniel', 'Ducharme', '2014-11-23', 1),
(1619, 'Taylor', 'Duggan', '2014-12-29', 1),
(1620, 'Genevive', 'Dunn', '2010-01-19', 1),
(1621, 'Adelaide', 'Dutra', '2016-04-10', 1),
(1622, 'Harper', 'Dunn', '2016-08-02', 1),
(1623, 'Aliya', 'Duval', '2016-05-11', 1),
(1624, 'Tycho', 'Dyer', '2012-03-23', 1),
(1625, 'Neriyah Oforiwaa', 'Dwomoh Apenteng', '2013-09-28', 1),
(1626, 'Adaline', 'Eastabrook', '2016-03-17', 1),
(1627, 'Lauryn', 'Edwards', '2013-01-19', 1),
(1628, 'Evangeline (Evie)', 'Edmiston', '2014-08-31', 1),
(1629, 'Lily', 'Einollani', '2016-09-25', 1),
(1630, 'Londyn', 'Edwards', '2011-05-21', 1),
(1631, 'Emma', 'Eastabrook', '2013-05-25', 1),
(1632, 'Mohamed', 'Elymani', '2013-02-21', 1),
(1633, 'Charlie', 'Ellis', '2015-07-17', 1),
(1634, 'Teija', 'Ellis', '2014-11-09', 1),
(1635, 'Vanessa', 'Erdelyi', '2009-06-28', 1),
(1636, 'Talya', 'Elymani', '2011-02-21', 1),
(1637, 'Amelia', 'Ewart', '2016-11-01', 1),
(1638, 'Skyla', 'Ewart', '2015-05-11', 1),
(1639, 'Livia', 'Fach', '2012-07-29', 1),
(1640, 'Everly', 'Fay', '2015-04-23', 1),
(1641, 'Aria', 'Fernandes', '2016-05-13', 1),
(1642, 'Eleanor', 'Ferguson', '2014-11-23', 1),
(1643, 'Phoebe', 'Ferguson', '2012-08-06', 1),
(1644, 'Mackenzie', 'Fernandez', '2014-07-31', 1),
(1645, 'Abigail', 'Figueiredo', '2017-05-08', 1),
(1646, 'Angie', 'Fishka', '2011-10-25', 1),
(1647, 'Harper', 'Fillion', '2017-09-15', 1),
(1648, 'Mackenzie', 'Fitz Henry', '2013-05-10', 1),
(1649, 'Haley', 'Fletcher', '2007-12-05', 1),
(1650, 'Julia', 'Fletcher', '2005-10-06', 1),
(1651, 'Bronson', 'Foster', '2014-10-11', 1),
(1652, 'Emma', 'Fraser', '2011-10-17', 1),
(1653, 'Elin', 'Fraser', '2013-12-21', 1),
(1654, 'Sophie', 'Freeman', '2012-05-16', 1),
(1655, 'Abigail', 'Friesen', '2015-08-01', 1),
(1656, 'Neil', 'Freeman', '2017-01-07', 1),
(1657, 'Emmeline', 'Friesen', '2017-04-11', 1),
(1658, 'Sofia', 'Friesen', '2015-06-30', 1),
(1659, 'Avery M.', 'Gaber', '2014-09-03', 1),
(1660, 'Emma', 'Gaber', '2011-12-18', 1),
(1661, 'Katarina', 'Gaic', '2014-08-06', 1),
(1662, 'Daniella', 'Galdamez', '2010-09-17', 1),
(1663, 'Sawyer', 'Galley', '2014-03-28', 1),
(1664, 'Charlie', 'Gamble', '2015-12-27', 1),
(1665, 'Peyton', 'Gamble', '2010-07-04', 1),
(1666, 'Dalyana', 'Garcia', '2015-12-01', 1),
(1667, 'Laura', 'Garcia', '2007-09-29', 1),
(1668, 'Marika', 'Georges', '2010-07-15', 1),
(1669, 'Sadie', 'Gibbs', '2017-01-13', 1),
(1670, 'Paige', 'Gearin', '2014-04-30', 1),
(1671, 'Julian', 'Gillis', '2008-07-16', 1),
(1672, 'Victoria', 'Gobran', '2013-04-28', 1),
(1673, 'Janyah', 'Gloster', '2010-11-02', 1),
(1674, 'Keira', 'Gonneau', '2016-01-22', 1),
(1675, 'Cohen', 'Goulay', '2018-01-14', 1),
(1676, 'Benjamin', 'Goulet', '2018-04-06', 1),
(1677, 'Anjali', 'Gopaul', '2012-07-22', 1),
(1678, 'Zachary', 'Goulet', '2018-04-06', 1),
(1679, 'Eva', 'Gourlay', '2015-05-27', 1),
(1680, 'Benjamin', 'Goyette', '2014-09-19', 1),
(1681, 'Austyn', 'Graci', '2012-05-18', 1),
(1682, 'Sophia', 'Grafe', '2016-01-14', 1),
(1683, 'Evelyn', 'Gracie', '2014-01-10', 1),
(1684, 'Amelia', 'Gray', '2014-12-12', 1),
(1685, 'Taylor', 'Gray', '2016-01-03', 1),
(1686, 'Tenley', 'Gray', '2017-11-02', 1),
(1687, 'Niyah', 'Griffiths', '2013-01-18', 1),
(1688, 'Aria', 'Gunsinger', '2011-11-27', 1),
(1689, 'Xander', 'Greff', '2009-09-03', 1),
(1690, 'Ava', 'Griswold', '2015-02-27', 1),
(1691, 'Carlotta', 'Guzman Bernardou', '2013-03-22', 1),
(1692, 'Olivia', 'Hagen', '2013-04-14', 1),
(1693, 'Sophia', 'Hagen', '2010-03-20', 1),
(1694, 'Sydney', 'Hagen', '2012-06-11', 1),
(1695, 'Ethan', 'Hall', '2016-02-01', 1),
(1696, 'Suri', 'Hamel', '2017-03-24', 1),
(1697, 'Brittley', 'Halliwell', '2014-01-03', 1),
(1698, 'Talia', 'Hall', '2011-11-20', 1),
(1699, 'Walter', 'Hamel', '2015-09-20', 1),
(1700, 'Cailin', 'Hanson', '2009-07-02', 1),
(1701, 'Maxwell', 'Harding', '2017-12-29', 1),
(1702, 'Sasha', 'Hanna', '2014-06-24', 1),
(1703, 'Chloe', 'Harding', '2015-02-17', 1),
(1704, 'Lukas', 'Happe', '2015-05-11', 1),
(1705, 'Jace', 'Harris', '2013-05-30', 1),
(1706, 'Georgia', 'Harrison', '2016-12-29', 1),
(1707, 'Tessa', 'Harvey', '2015-03-18', 1),
(1708, 'Alina', 'Hartrick', '2013-03-30', 1),
(1709, 'Natalie', 'Havlik', '2008-07-13', 1),
(1710, 'Gretchen', 'Heightley', '2016-11-04', 1),
(1711, 'Isabel', 'Heath', '2012-06-01', 1),
(1712, 'Julia', 'Heeley', '2016-06-28', 1),
(1713, 'Clara', 'Henry', '2008-06-02', 1),
(1714, 'Parker', 'Hilker', '2016-04-20', 1),
(1715, 'Mackenzie', 'Hill', '2015-10-05', 1),
(1716, 'Rhyanna', 'Hill', '2015-08-03', 1),
(1717, 'Havana', 'Ho', '2011-06-05', 1),
(1718, 'Hailey', 'Hillen', '2015-05-07', 1),
(1719, 'Leia', 'Hillen', '2012-11-02', 1),
(1720, 'Aria', 'Hodgson', '2015-06-10', 1),
(1721, 'Elliott', 'Hipwell', '2016-02-22', 1),
(1722, 'Ryann', 'Hodgson', '2012-09-19', 1),
(1723, 'Kendall', 'Hogg', '2014-10-25', 1),
(1724, 'Wesley', 'Howell-Robinson', '2017-11-13', 1),
(1725, 'Gabriella', 'Hughes', '2016-04-14', 1),
(1726, 'Alessa', 'Huisman', '2013-05-18', 1),
(1727, 'Charlotte', 'Hummel', '2018-04-17', 1),
(1728, 'Lauren', 'Hurst', '2014-10-01', 1),
(1729, 'Nolan', 'Hurst', '2017-11-15', 1),
(1730, 'Evie', 'Hutchings', '2010-11-28', 1),
(1731, 'Brady', 'Huskinson', '2015-02-28', 1),
(1732, 'Abby', 'Huynh', '2016-05-28', 1),
(1733, 'Isabelle', 'Ill', '2009-11-09', 1),
(1734, 'Sophia', 'Ignat', '2016-09-07', 1),
(1735, 'Marko', 'Imbert', '2014-01-22', 1),
(1736, 'Ayrton', 'Inglehart', '2014-02-18', 1),
(1737, 'Aubrey', 'Ireland', '2010-11-11', 1),
(1738, 'Lilia', 'Isaak', '2012-01-23', 1),
(1739, 'Vayda', 'Jacques', '2014-11-20', 1),
(1740, 'Arber', 'Jakupi', '2014-03-14', 1),
(1741, 'Nora', 'Jakupi', '2015-07-03', 1),
(1742, 'Elona', 'Jakupi', '2017-04-23', 1),
(1743, 'Sylvie', 'Jakupi', '2011-04-01', 1),
(1744, 'Caryn', 'Javier', '2015-10-27', 1),
(1745, 'Cyra', 'Javier', '2012-07-11', 1),
(1746, 'Finn', 'Johnson', '2017-07-31', 1),
(1747, 'Lexie', 'Johnson', '2009-11-01', 1),
(1748, 'Lily', 'Johnston', '2017-02-05', 1),
(1749, 'Lincoln', 'Johnstone', '2018-02-10', 1),
(1750, 'Victoria', 'Kapeta', '2011-12-05', 1),
(1751, 'Annie', 'Jones', '2014-04-17', 1),
(1752, 'Avayah', 'Kapoor', '2012-07-03', 1),
(1753, 'Carter', 'Kapoor', '2014-02-07', 1),
(1754, 'Chloe', 'Kay', '2013-06-07', 1),
(1755, 'Cali', 'Kavanagh', '2015-10-06', 1),
(1756, 'Autumn', 'Kelly', '2011-10-25', 1),
(1757, 'Katie (Katherine)', 'Kelly', '2015-05-10', 1),
(1758, 'Madeline', 'Kelly', '2010-08-27', 1),
(1759, 'Keira', 'Kerr', '2006-07-17', 1),
(1760, 'Mila', 'Kelly', '2008-10-14', 1),
(1761, 'Ava', 'Ketelaar', '2009-01-21', 1),
(1762, 'Sahar', 'Khairi', '2009-05-03', 1),
(1763, 'Sarah', 'Khan', '2007-07-20', 1),
(1764, 'Jessica', 'Kittmer', '2010-03-01', 1),
(1765, 'Megan', 'Kittmer', '2008-01-13', 1),
(1766, 'Grace', 'Klassen', '2013-02-09', 1),
(1767, 'Mackenzie', 'Klassen', '2010-09-14', 1),
(1768, 'Violet', 'Knechtel', '2016-06-28', 1),
(1769, 'Avery', 'Korpan', '2014-07-03', 1),
(1770, 'Andrea', 'Kovacevic', '2015-06-18', 1),
(1771, 'Aleksandra', 'Krawczyk', '2013-07-26', 1),
(1772, 'Jana', 'Kovacevic', '2013-11-04', 1),
(1773, 'Michal', 'Krawczyk', '2010-11-15', 1),
(1774, 'Kate', 'Krete', '2013-10-20', 1),
(1775, 'Delilah', 'Kroetsch', '2014-03-03', 1),
(1776, 'Gillian', 'Kroetsch', '2012-06-18', 1),
(1777, 'Julie', 'Kunkel', '2012-03-20', 1),
(1778, 'Paige', 'Lane-Desbois', '2007-10-15', 1),
(1779, 'Elena', 'Kuhr', '2015-07-13', 1),
(1780, 'Charlotte', 'Larente', '2016-04-27', 1),
(1781, 'Oliver', 'Laurin', '2016-03-12', 1),
(1782, 'Cindy', 'Lee', '2012-02-28', 1),
(1783, 'Clara', 'Lee', '2012-02-28', 1),
(1784, 'Mackenzie', 'Layman', '2012-01-17', 1),
(1785, 'Oliver', 'Lewis', '2016-07-10', 1),
(1786, 'Lily', 'Lima', '2009-01-19', 1),
(1787, 'Zara', 'Lee', '2015-10-23', 1),
(1788, 'Sofie', 'Linares', '2012-01-25', 1),
(1789, 'Olivia', 'Lindert', '2014-03-17', 1),
(1790, 'Keaghan', 'Logher', '2006-02-01', 1),
(1791, 'Atley', 'Longworth', '2014-04-01', 1),
(1792, 'Eleanor', 'Lopes', '2016-04-06', 1),
(1793, 'Olivia', 'Lopes', '2013-08-28', 1),
(1794, 'Greyson', 'Love', '2016-07-22', 1),
(1795, 'Roslyn', 'Lord', '2012-02-18', 1),
(1796, 'Grayson', 'Lubrick', '2016-08-23', 1),
(1797, 'Keiran', 'Lubrick', '2014-06-03', 1),
(1798, 'Brielle', 'Luce', '2016-09-19', 1),
(1799, 'Silvana', 'Lucanie', '2015-03-31', 1),
(1800, 'Catherine', 'Luckett', '2013-05-20', 1),
(1801, 'Lillian', 'Luckett', '2015-12-13', 1),
(1802, 'Nikolina', 'Luke', '2010-08-14', 1),
(1803, 'Taylor', 'Luscombe', '2017-08-30', 1),
(1804, 'Mackenzie', 'Lusty', '2015-11-20', 1),
(1805, 'Riley', 'MacDonald', '2018-01-03', 1),
(1806, 'Katy', 'Mackinnon', '2012-01-19', 1),
(1807, 'Jenna', 'Macdonald', '2015-02-08', 1),
(1808, 'Mikayla', 'MacKinnon', '2011-11-15', 1),
(1809, 'Olivia', 'MacMillan', '2015-05-11', 1),
(1810, 'Adam', 'MacNeil', '2014-07-05', 1),
(1811, 'Abigail', 'MacRae', '2013-10-10', 1),
(1812, 'Dana', 'MacRae', '2010-06-19', 1),
(1813, 'Sarah', 'MacNeil', '2016-03-07', 1),
(1814, 'Emily', 'Maile', '2014-09-09', 1),
(1815, 'Nicole', 'Malec', '2014-04-29', 1),
(1816, 'Sara', 'Maggiolo', '2012-12-01', 1),
(1817, 'Sebastian', 'Malogorski', '2017-03-07', 1),
(1818, 'Addison', 'Mantha', '2017-08-12', 1),
(1819, 'Ivan', 'Mank', '2016-09-02', 1),
(1820, 'Shayna', 'Maphosa', '2012-02-05', 1),
(1821, 'Genny', 'Marcoux', '2005-11-10', 1),
(1822, 'Sawyer', 'Marcon', '2016-11-06', 1),
(1823, 'Jasmin', 'Marok', '2009-07-21', 1),
(1824, 'Jack', 'Marostega Tell', '2012-06-18', 1),
(1825, 'Adria', 'Marsh', '2007-01-01', 1),
(1826, 'Avery', 'Marsh', '2016-10-31', 1),
(1827, 'Charlotte', 'Martin', '2011-09-23', 1),
(1828, 'Madalynn', 'Martin', '2008-10-28', 1),
(1829, 'Emma', 'Matheson', '2014-03-15', 1),
(1830, 'Ellie', 'McArthur', '2010-04-27', 1),
(1831, 'Clara', 'McArthur', '2017-06-24', 1),
(1832, 'Everleigh', 'McAulay', '2017-01-03', 1),
(1833, 'Jysella', 'McCoy', '2012-10-14', 1),
(1834, 'Emersyn', 'McCallum', '2015-03-04', 1),
(1835, 'Wyatt', 'McCoy', '2014-06-05', 1),
(1836, 'Emilia', 'McDonald', '2016-09-13', 1),
(1837, 'Jude', 'Mceachern', '2011-03-22', 1),
(1838, 'Rilynn', 'McGill', '2015-06-02', 1),
(1839, 'Grace', 'McIntrye', '2014-01-25', 1),
(1840, 'Trinity', 'McLetchie (goes by Smith)', '2011-02-24', 1),
(1841, 'Cedar', 'McKnight-Couture', '2010-06-17', 1),
(1842, 'Haven', 'McIntyre', '2015-02-21', 1),
(1843, 'Maia', 'Medeiros', '2014-01-17', 1),
(1844, 'Kate', 'McMaster', '2009-08-31', 1),
(1845, 'Celine', 'Megalla', '2011-03-03', 1),
(1846, 'Juliet', 'Mendes', '2016-03-24', 1),
(1847, 'Brielle', 'Miller', '2014-04-28', 1),
(1848, 'Paisley', 'Mercer', '2015-02-25', 1),
(1849, 'Simone', 'Milligan', '2015-11-26', 1),
(1850, 'Claire', 'Miller', '2010-11-13', 1),
(1851, 'Njeri', 'Mirie', '2008-06-11', 1),
(1852, 'Sierra', 'Millman', '2009-12-29', 1),
(1853, 'Ellowyn', 'Mitchell', '2016-09-28', 1),
(1854, 'Quintin', 'Mitchell', '2012-07-20', 1),
(1855, 'Valeria', 'Mityukhlyayeva', '2010-06-23', 1),
(1856, 'Olivia', 'Moffatt', '2013-02-21', 1),
(1857, 'Everly', 'Morgan', '2017-07-24', 1),
(1858, 'Zara', 'Mohammed', '2015-03-29', 1),
(1859, 'Savannah', 'Moco', '2015-05-14', 1),
(1860, 'Cole', 'Mortensen', '2011-04-09', 1),
(1861, 'Lucy', 'Mullen', '2012-08-31', 1),
(1862, 'Harlee', 'Mulligan', '2014-11-22', 1),
(1863, 'Anita', 'Nagy', '2008-10-10', 1),
(1864, 'Madison', 'Musseau-Dingwell', '2010-04-14', 1),
(1865, 'Rose', 'Nelson', '2013-04-30', 1),
(1866, 'Leela', 'Nguyen', '2009-10-08', 1),
(1867, 'Emma', 'Nino', '2012-12-16', 1),
(1868, 'Holly', 'Nitz', '2007-05-29', 1),
(1869, 'Pippa', 'Nitz', '2012-10-10', 1),
(1870, 'Hunter', 'Nowak', '2017-02-28', 1),
(1871, 'Sarah', 'Nonis', '2014-10-24', 1),
(1872, 'Peyton', 'Nowak', '2011-03-28', 1),
(1873, 'Alice', 'Nugent', '2014-05-14', 1),
(1874, 'Holden', 'Nugent', '2016-01-29', 1),
(1875, 'Molly', 'Oliveira', '2016-04-18', 1),
(1876, 'Emily', 'Orchard', '2014-10-13', 1),
(1877, 'Nathalie', 'Ospina', '2011-02-01', 1),
(1878, 'Henry', 'Panic', '2017-01-19', 1),
(1879, 'Rory', 'Panic', '2014-10-22', 1),
(1880, 'Audrey', 'Park', '2011-05-06', 1),
(1881, 'Omar', 'Parwiz', '2009-02-27', 1),
(1882, 'Fatema', 'Parwiz', '2003-12-24', 1),
(1883, 'Ella', 'Park', '2011-05-06', 1),
(1884, 'Akbur', 'Parwiz', '2009-02-27', 1),
(1885, 'Jiya', 'Patel', '2008-06-21', 1),
(1886, 'Isabelle', 'Pearson', '2013-08-07', 1),
(1887, 'Keya', 'Patel', '2012-05-23', 1),
(1888, 'Owen', 'Pearson', '2012-09-07', 1),
(1889, 'Shiloh', 'Pennings', '2009-09-27', 1),
(1890, 'Tessa', 'Peoples', '2011-05-15', 1),
(1891, 'Morgan', 'Perriman', '2012-09-06', 1),
(1892, 'Elin', 'Pessoa', '2011-10-21', 1),
(1893, 'Vaida', 'Phillips', '2016-09-09', 1),
(1894, 'Sora', 'Pfeiffer', '2013-05-03', 1),
(1895, 'Cohen', 'Pierce', '2016-04-08', 1),
(1896, 'Evan', 'Pichardo', '2011-01-12', 1),
(1897, 'Quinn', 'Pilon', '2014-05-16', 1),
(1898, 'Grayson', 'Pierce', '2017-10-23', 1),
(1899, 'Anaya', 'Pinto', '2017-05-18', 1),
(1900, 'Anoushka', 'Pinto', '2014-07-19', 1),
(1901, 'Sarah', 'Pole', '2015-10-15', 1),
(1902, 'Bianca', 'Plester', '2017-07-28', 1),
(1903, 'Arden', 'Polisena', '2016-09-16', 1),
(1904, 'Dexter', 'Porter', '2014-08-16', 1),
(1905, 'Emmett', 'Porter', '2014-08-16', 1),
(1906, 'Austin', 'Porty', '2014-04-29', 1),
(1907, 'Avery', 'Powell', '2012-05-14', 1),
(1908, 'Kensie', 'Porty', '2016-12-31', 1),
(1909, 'Elise', 'Powell', '2015-10-08', 1),
(1910, 'Alina', 'Power', '2008-09-23', 1),
(1911, 'Charlotte', 'Prestia-Lesniewski', '2015-05-02', 1),
(1912, 'Jordyn', 'Priest', '2014-12-26', 1),
(1913, 'Zachary', 'Priest', '2017-10-26', 1),
(1914, 'Lilah', 'Prior', '2015-12-30', 1),
(1915, 'Charlotte', 'Quach', '2013-07-17', 1),
(1916, 'Emma', 'Quilty', '2014-12-05', 1),
(1917, 'Grace', 'Quilty', '2017-03-09', 1),
(1918, 'Nevaeh', 'Rae-Peters', '2009-11-10', 1),
(1919, 'Olivia', 'Raines', '2016-07-09', 1),
(1920, 'Arleen', 'Randhawa', '2014-09-08', 1),
(1921, 'Elena', 'Ranton', '2015-11-29', 1),
(1922, 'Elizabeth', 'Rawson', '2013-02-21', 1),
(1923, 'Jonathan', 'Reed', '2018-04-24', 1),
(1924, 'Scarlett', 'Reeve', '2016-10-17', 1),
(1925, 'Johanna', 'Rego', '2014-09-07', 1),
(1926, 'Steven', 'Rego', '2016-04-15', 1),
(1927, 'Briana', 'Reid', '2006-04-10', 1),
(1928, 'Mia', 'Renderos', '2014-09-09', 1),
(1929, 'Layla', 'Resendes', '2013-08-18', 1),
(1930, 'Zoe', 'Reynolds', '2013-09-28', 1),
(1931, 'Ryla', 'Richardson', '2015-11-20', 1),
(1932, 'Raya', 'Richardson', '2018-03-17', 1),
(1933, 'Evelyn', 'Riddle', '2017-02-17', 1),
(1934, 'Lucy', 'Riddle', '2013-09-10', 1),
(1935, 'Liam', 'Richmond Donaghey', '2018-02-07', 1),
(1936, 'Morgan', 'Rideout', '2013-10-21', 1),
(1937, 'Olivia', 'Ristovski', '2015-01-05', 1),
(1938, 'Makenna', 'Ringler', '2015-07-01', 1),
(1939, 'Santiago', 'Rivas', '2016-10-14', 1),
(1940, 'Adianne', 'Rivas', '2013-11-24', 1),
(1941, 'Taylor', 'Ritch', '2007-04-04', 1),
(1942, 'Kaydance', 'Roberts', '2018-06-23', 1),
(1943, 'Alivia', 'Roberts-hall', '2015-04-18', 1),
(1944, 'Lillian', 'Robertson', '2015-09-13', 1),
(1945, 'Brielle', 'Rodi', '2016-05-25', 1),
(1946, 'Sophia', 'Rodrigues', '2012-12-11', 1),
(1947, 'Mila', 'Rodi', '2014-03-04', 1),
(1948, 'Danielle', 'Rooke', '2008-04-17', 1),
(1949, 'Duncan', 'Ross', '2018-08-02', 1),
(1950, 'Abella', 'Rossignol', '2015-05-10', 1),
(1951, 'Maya', 'Rusinek', '2014-09-20', 1),
(1952, 'Oliver', 'Rusinek', '2013-07-16', 1),
(1953, 'Amelia', 'Sabatini', '2015-10-26', 1),
(1954, 'Aarna', 'Sagar', '2011-07-22', 1),
(1955, 'Anika', 'Sagar', '2014-07-22', 1),
(1956, 'Angelena', 'Saini', '2008-04-01', 1),
(1957, 'Maliya', 'Saini', '2009-09-04', 1),
(1958, 'Sejal', 'Saini', '2012-07-29', 1),
(1959, 'Vera', 'Salomons', '2016-12-13', 1),
(1960, 'Jovan', 'Saini', '2010-12-29', 1),
(1961, 'Ashley', 'Sambol', '2015-01-03', 1),
(1962, 'Ruhbani', 'Samra', '2014-10-24', 1),
(1963, 'Piper', 'Sandoz', '2018-02-02', 1),
(1964, 'Lyra', 'Sanchez', '2018-07-02', 1),
(1965, 'Alexis', 'Santos', '2016-12-11', 1),
(1966, 'Mila', 'Sarkar', '2013-08-15', 1),
(1967, 'Gianna', 'Saunders', '2014-03-29', 1),
(1968, 'Alexis', 'Saunders', '2012-02-14', 1),
(1969, 'Avery', 'Schalm', '2010-06-13', 1),
(1970, 'Isla', 'Schenkel', '2013-07-29', 1),
(1971, 'Natalia', 'Savtchouk', '2008-10-28', 1),
(1972, 'Charlotte', 'Schiedel', '2013-05-04', 1),
(1973, 'Madeline', 'Schmidt', '2009-04-22', 1),
(1974, 'Olivia', 'Schiedel', '2016-04-01', 1),
(1975, 'Grace', 'Schnaeringer', '2013-07-23', 1),
(1976, 'Sienna', 'Sellner', '2016-05-05', 1),
(1977, 'Gray', 'Schubert', '2010-09-09', 1),
(1978, 'Lily', 'Semedo', '2011-11-25', 1),
(1979, 'Saphira', 'Senis', '2014-01-08', 1),
(1980, 'Lily', 'Seyler', '2015-02-27', 1),
(1981, 'Nicholas', 'Serio', '2017-10-11', 1),
(1982, 'Yara', 'Shaqo', '2010-10-23', 1),
(1983, 'Harper', 'Shallow', '2014-04-13', 1),
(1984, 'Maxine', 'Sherwood', '2018-02-20', 1),
(1985, 'Mia', 'Sherwood', '2016-06-28', 1),
(1986, 'Suri', 'Shja', '2010-04-25', 1),
(1987, 'Adelene', 'Short', '2012-01-28', 1),
(1988, 'Keenan', 'Shortt', '2017-04-01', 1),
(1989, 'Myah', 'Shute', '2014-01-16', 1),
(1990, 'Ava', 'Silva', '2016-02-13', 1),
(1991, 'Kamryn', 'Shute', '2012-04-11', 1),
(1992, 'Charlee', 'Sigel', '2010-10-05', 1),
(1993, 'Elle', 'Sinkovits', '2015-01-02', 1),
(1994, 'Helen', 'Sittler', '2014-10-02', 1),
(1995, 'Liam', 'Sittler', '2011-07-30', 1),
(1996, 'Skylar', 'Skinner', '2008-09-21', 1),
(1997, 'Savanna', 'Skrodzki', '2013-11-26', 1),
(1998, 'Suzanna', 'Skrodzki', '2013-11-26', 1),
(1999, 'Ava', 'Smiley', '2016-07-24', 1),
(2000, 'Lincoln', 'Smith', '2015-10-19', 1),
(2001, 'Adelaide', 'Somerton', '2016-03-25', 1),
(2002, 'Olivia', 'Spry', '2014-06-22', 1),
(2003, 'Jaxson', 'Spencer', '2015-08-26', 1),
(2004, 'Taylor', 'St. Pierre', '2010-10-24', 1),
(2005, 'Roman', 'Squirrell', '2016-08-02', 1),
(2006, 'Charlotte', 'Stafford', '2016-04-29', 1),
(2007, 'Scarlett', 'Stainsby', '2015-10-22', 1),
(2008, 'Marion', 'Steele', '2014-08-26', 1),
(2009, 'Asher', 'Steele', '2016-09-10', 1),
(2010, 'Olivia', 'Steenbergen', '2014-11-01', 1),
(2011, 'Madison', 'Stein', '2015-04-01', 1),
(2012, 'Max', 'Stein', '2017-02-08', 1),
(2013, 'Cassandra', 'Stewart', '2009-12-23', 1),
(2014, 'Thea', 'Stoia', '2015-06-27', 1),
(2015, 'Marney', 'Stewart Hoogenboom', '2017-02-20', 1),
(2016, 'Yuka', 'Suzuki', '2013-05-31', 1),
(2017, 'Ayaka', 'Suzuki', '2016-04-29', 1),
(2018, 'Ryann', 'Sweetland', '2015-03-17', 1),
(2019, 'Sebastian', 'Tajti', '2016-05-12', 1),
(2020, 'Aryana', 'Talarico', '2014-07-30', 1),
(2021, 'Gurneet', 'Takhar', '2008-11-25', 1),
(2022, 'Braden', 'Tami', '2017-06-22', 1),
(2023, 'Madison', 'Tami', '2009-09-14', 1),
(2024, 'Kanon', 'Tanaka', '2011-12-09', 1),
(2025, 'Alexandra', 'Taylor', '2009-09-19', 1),
(2026, 'Riley', 'Tchegus', '2015-07-09', 1),
(2027, 'Kaiya', 'Taylor-Fetterly', '2016-05-22', 1),
(2028, 'Beckett', 'Teeter', '2015-12-03', 1),
(2029, 'Hunter', 'Teeter', '2013-05-25', 1),
(2030, 'Felicity', 'Therrien', '2016-09-09', 1),
(2031, 'Nora', 'Thiessen', '2012-09-05', 1),
(2032, 'Sarah', 'Thompson', '2014-06-08', 1),
(2033, 'Sadie', 'Thompson', '2013-06-14', 1),
(2034, 'Xavier', 'Titaro', '2013-06-17', 1),
(2035, 'Liberty', 'Thwaites', '2010-05-24', 1),
(2036, 'Adley', 'Thoms', '2015-03-09', 1),
(2037, 'David', 'Titizian', '2015-04-02', 1),
(2038, 'Emma', 'Toleff', '2007-09-06', 1),
(2039, 'Jordana', 'Tomas', '2016-01-25', 1),
(2040, 'Audrey', 'Toole', '2016-02-08', 1),
(2041, 'Emma', 'Tremblett', '2013-02-01', 1),
(2042, 'Reed', 'Tremblett', '2015-11-02', 1),
(2043, 'Tessa', 'Tremblett', '2011-04-26', 1),
(2044, 'Colton', 'Trentos', '2010-08-09', 1),
(2045, 'Cecilia', 'Truong', '2015-07-04', 1),
(2046, 'Brooklyn', 'Truong', '2015-03-08', 1),
(2047, 'Olivia', 'Tsenis', '2016-05-30', 1),
(2048, 'Claudia', 'Tudorache', '2005-07-03', 1),
(2049, 'Sophia', 'Tsenis', '2012-11-24', 1),
(2050, 'Aaren', 'Tulsani', '2015-05-20', 1),
(2051, 'Grace', 'Turpin', '2011-08-28', 1),
(2052, 'Jacob', 'Untch', '2014-05-14', 1),
(2053, 'Lily', 'Untch', '2011-08-18', 1),
(2054, 'Reyah', 'Usanovic', '2015-01-31', 1),
(2055, 'Gia', 'Valletta', '2017-02-19', 1),
(2056, 'Samuel', 'Valletta', '2018-06-28', 1),
(2057, 'Anderson', 'Van', '2010-01-27', 1),
(2058, 'Avery', 'Van Mourik', '2015-08-25', 1),
(2059, 'Julienne', 'Van', '2011-05-26', 1),
(2060, 'Dafne', 'Vandergaag', '2012-04-17', 1),
(2061, 'Miah', 'Vergara', '2015-11-16', 1),
(2062, 'Evelyn', 'Vlietstra', '2017-11-02', 1),
(2063, 'Ava', 'Voisin', '2011-09-05', 1),
(2064, 'Holly', 'Vint', '2011-02-03', 1),
(2065, 'Anna', 'Wagemann', '2016-06-19', 1),
(2066, 'Valerie', 'Walker', '2017-08-04', 1),
(2067, 'Avery', 'Wagemann', '2014-09-16', 1),
(2068, 'Nikolai', 'Walter', '2015-10-06', 1),
(2069, 'Harper', 'Weatherall', '2017-01-09', 1),
(2070, 'Amelia', 'Webb', '2016-08-18', 1),
(2071, 'Veronica', 'Wedzinga', '2013-06-07', 1),
(2072, 'Evelyn', 'Wells', '2013-12-08', 1),
(2073, 'Jacob', 'wells', '2017-09-26', 1),
(2074, 'Quintin', 'Wilde-Yates', '2016-06-17', 1),
(2075, 'Sarah', 'Wilkinson', '2010-06-28', 1),
(2076, 'Carrington', 'Welsh', '2016-05-14', 1),
(2077, 'Christabella', 'Wettlaufer', '2013-09-04', 1),
(2078, 'Zoe', 'Wielusiewicz', '2017-08-01', 1),
(2079, 'Jane', 'Williams', '2016-10-08', 1),
(2080, 'Mateo', 'Wilson', '2010-09-02', 1),
(2081, 'Tilly', 'Williams Seemann', '2014-05-12', 1),
(2082, 'Meeda', 'Wilson', '2013-08-22', 1),
(2083, 'Paige', 'Wilson', '2011-09-27', 1),
(2084, 'Nicholas', 'Wilson', '2008-09-16', 1),
(2085, 'Theodore', 'Wilson', '2018-01-23', 1),
(2086, 'Avery', 'Winsor', '2011-05-29', 1),
(2087, 'Serenity', 'Woodcock-Yetman', '2010-09-02', 1),
(2088, 'Jayde', 'Woodland', '2016-05-10', 1),
(2089, 'Naomi', 'Wurster', '2017-04-07', 1),
(2090, 'Quintin', 'Yake', '2012-09-05', 1),
(2091, 'Eva', 'Workman', '2012-07-17', 1),
(2092, 'Zoe', 'Yake', '2016-05-29', 1),
(2093, 'Avery', 'Yip', '2008-07-31', 1),
(2094, 'Giselle', 'Zanello', '2015-12-26', 1),
(2095, 'Ayla', 'Yeo', '2012-04-11', 1),
(2096, 'Milena', 'Zanello', '2013-09-16', 1),
(2097, 'Scarlett', 'Zanello', '2016-01-08', 1),
(2101, 'Eliana', 'Zdravkovic', '2012-08-16', 1),
(2102, 'Niko', 'Zdravkovic', '2014-06-18', 1),
(2103, 'Lila', 'Zarins', '2011-09-07', 1);

-- --------------------------------------------------------

--
-- Table structure for table `comments`
--

CREATE TABLE `comments` (
  `id` int(11) NOT NULL,
  `type` enum('INTRO','SKILL','CLOSING','PERSONALITY_BRAVE','PERSONALITY_ENERGY','PERSONALITY_GENERAL','PERSONALITY_STRENGTH','PERSONALITY_SOCIAL') NOT NULL,
  `comment` varchar(100) NOT NULL,
  `active` tinyint(1) NOT NULL DEFAULT '1'
) ENGINE=InnoDB DEFAULT CHARSET=latin1;

--
-- Dumping data for table `comments`
--

INSERT INTO `comments` (`id`, `type`, `comment`, `active`) VALUES
(69, 'INTRO', 'Amazing work this session ~!NAME!~!', 1),
(70, 'INTRO', 'Congratulations ~!NAME!~! You have done so well this session!', 1),
(71, 'INTRO', 'Fantastic job this session ~!NAME!~!', 1),
(72, 'INTRO', 'Congratulations on a very successful session ~!NAME!~!', 1),
(73, 'INTRO', '~!NAME!~~!#!~ you have mastered so many new skills this session!', 1),
(74, 'PERSONALITY_BRAVE', 'I love how you always come to gymnastics ready to work hard and try new things!', 1),
(75, 'PERSONALITY_BRAVE', 'Thanks for always being willing to try anything in class and having a smile on your face while doing', 1),
(76, 'PERSONALITY_BRAVE', 'You are so brave in gymnastics class and always put all your effort into new things!', 1),
(77, 'PERSONALITY_ENERGY', 'You always come to gymnastics with a smile on your face ready to work hard!', 1),
(78, 'PERSONALITY_ENERGY', 'Amazing job putting all of your energy into everything you do!', 1),
(79, 'PERSONALITY_ENERGY', 'I love how much excitement you bring to gymnastics class!', 1),
(80, 'PERSONALITY_GENERAL', 'You always try your best in class and are so amazing to coach!', 1),
(81, 'PERSONALITY_GENERAL', 'I love how well you listen in class and do your best at everything you try!', 1),
(82, 'PERSONALITY_GENERAL', 'Thank you for always practing your stretching in class!', 1),
(83, 'PERSONALITY_GENERAL', 'It is awesome that you always keep your legs straight in your pike position.', 1),
(84, 'PERSONALITY_GENERAL', 'Thanks for always working hard on your stretches in class! ', 1),
(85, 'PERSONALITY_GENERAL', 'Thank you for working so hard on your coordination and balance.', 1),
(86, 'PERSONALITY_STRENGTH', 'Thanks for always focusing on building your strength each class.  ', 1),
(87, 'PERSONALITY_STRENGTH', 'You have such strong mucsles and always put all your effort into your gymnastics!', 1),
(88, 'PERSONALITY_STRENGTH', 'I love how hard you always try in class and how you never give up!', 1),
(89, 'PERSONALITY_SOCIAL', 'You always have such a positive attitude in class!', 1),
(90, 'PERSONALITY_SOCIAL', 'I love how you make everyone in class feel welcome!', 1),
(91, 'PERSONALITY_SOCIAL', 'Thank you for always bringing your smile to gymnastics class!', 1),
(92, 'SKILL', 'Your ~!SKILL!~ on ~!EVENT!~ is spectacular. ', 1),
(93, 'SKILL', 'Your ~!SKILL!~ on ~!EVENT!~ is so strong. ', 1),
(94, 'SKILL', 'I am so proud of how you can ~!SKILL!~ onto the ~!EVENT!~. ', 1),
(95, 'SKILL', 'I love how you do your ~!SKILL!~ on ~!EVENT!~ with confidence.  ', 1),
(96, 'SKILL', 'I love how you squeeze all of your muscles when doing a ~!SKILL!~ on the ~!EVENT!~. ', 1),
(97, 'CLOSING', 'Keep up the great work!', 1),
(98, 'CLOSING', 'We cannot wait to see you again next session!', 1),
(99, 'CLOSING', 'I cannot wait to see what you will achieve next session!', 1),
(100, 'CLOSING', 'Keep up the hard work in class and you\'ll achieve great things!', 1),
(101, 'CLOSING', 'Keep up the positive attitude and you\'ll accomplish so much!', 1),
(102, 'INTRO', 'Phenomenal work this session ~!NAME!~!', 1),
(103, 'INTRO', 'Way to go ~!NAME!~! You\'ve done an amazing job this session!', 1),
(104, 'INTRO', 'Terrific work this session ~!NAME!~!', 1),
(105, 'INTRO', 'Wow! You\'ve done so well this session ~!NAME!~!', 1),
(106, 'INTRO', 'It has been fantastic coaching you this session ~!NAME!~!', 1),
(107, 'PERSONALITY_BRAVE', 'I love how brave you are on bars!', 1),
(108, 'PERSONALITY_BRAVE', 'Thanks for always pushing yourself to be better and putting all of your energy into class!', 1),
(109, 'PERSONALITY_BRAVE', 'You are such a hard worker and are ready to try anything.', 1),
(110, 'PERSONALITY_ENERGY', 'You always put your all into gymnastics class and never stop having fun!', 1),
(111, 'PERSONALITY_ENERGY', 'Thank you for always coming to class excited and ready to work hard and try new things!', 1),
(112, 'PERSONALITY_ENERGY', 'I love how you never stop moving in class and always try your best!', 1),
(113, 'PERSONALITY_GENERAL', 'I\'m so proud of how far you\'ve come this session!', 1),
(114, 'PERSONALITY_GENERAL', 'Thank you for always listening in class and taking corrections!', 1),
(115, 'PERSONALITY_GENERAL', 'You have been so amazing to coach this session and you never stop trying your best!', 1),
(116, 'PERSONALITY_GENERAL', 'Great work developing your splits this session!', 1),
(117, 'PERSONALITY_GENERAL', 'Your flexibilty in your bridge has improved so much!', 1),
(118, 'PERSONALITY_GENERAL', 'Thank you for always working hard on your flexibilty! You can see the improvment already!', 1),
(119, 'PERSONALITY_STRENGTH', 'Thanks for always working hard during skill conditioning!', 1),
(120, 'PERSONALITY_STRENGTH', 'You are so strong and never stop pushing yourself to keep improving!', 1),
(121, 'PERSONALITY_SOCIAL', 'You have been so amazing to coach this session!', 1),
(122, 'PERSONALITY_SOCIAL', 'Thank you for always bringing a smile to my face and the rest of the group!', 1),
(123, 'PERSONALITY_SOCIAL', 'I love how you always make people feel included in class!', 1),
(124, 'SKILL', 'I love how you get your toes and knees together in your ~!SKILL!~ on ~!EVENT!~t!', 1),
(125, 'SKILL', 'Thanks for always having super strong arms in your ~!SKILL!~ on ~!EVENT!~!', 1),
(126, 'SKILL', 'You\'re so awesome at balancing on the ~!EVENT!~ in your ~!SKILL!~!', 1),
(127, 'SKILL', 'You have gained so much strength in your ~!SKILL!~ on ~!EVENT!~. ', 1),
(128, 'SKILL', 'Your ~!SKILL!~ look so amazing on ~!EVENT!~!', 1),
(129, 'CLOSING', 'Great job!', 1),
(130, 'CLOSING', 'Good luck next session!', 1),
(131, 'CLOSING', 'Keep up the amazing work!', 1),
(132, 'CLOSING', 'Keep trying your best and you will achieve amazing things!', 1),
(133, 'CLOSING', 'Keep smiling and working hard!', 1),
(134, 'INTRO', '~!NAME!~~!#!~ congratulations on all you have accomplished this session!', 1),
(135, 'INTRO', 'Outstanding session ~!NAME!~!', 1),
(136, 'PERSONALITY_BRAVE', 'I love how brave you are doing your skills across the high beam!', 1),
(137, 'PERSONALITY_BRAVE', 'I love how you never give up and how you\'re always ready to try new things!', 1),
(138, 'PERSONALITY_BRAVE', 'Thanks for being so fearless everytime you come to gymnastics!', 1),
(139, 'PERSONALITY_ENERGY', 'I love how much enthusiasm you bring to class every week!', 1),
(140, 'PERSONALITY_ENERGY', 'Thank you for never running out of energy on the trampoline!', 1),
(141, 'PERSONALITY_ENERGY', 'Your energetic personality is a pleasure to have in the gym!', 1),
(142, 'PERSONALITY_GENERAL', 'You always bring your best effort to gymnastics and I\'m so proud of how well you\'ve done!', 1),
(143, 'PERSONALITY_GENERAL', 'I loved watching your confidence grow this session!', 1),
(144, 'PERSONALITY_GENERAL', 'Thank you for listening carefully and remembering the circuits!', 1),
(145, 'PERSONALITY_GENERAL', 'You consistently make a sincere effort to work hard in class. ', 1),
(146, 'PERSONALITY_GENERAL', 'You have worked so hard on your coordination and balance this session. ', 1),
(147, 'PERSONALITY_GENERAL', 'Thank you for being so focused on your gymnastics technique. ', 1),
(148, 'PERSONALITY_STRENGTH', 'You show great lower body strength and power in your vault and floor skills!', 1),
(149, 'PERSONALITY_STRENGTH', 'Your uppper body strength really shows when doing your bar skills!', 1),
(150, 'PERSONALITY_STRENGTH', 'Thank you for always working hard to build your strength and conditioning!', 1),
(151, 'PERSONALITY_SOCIAL', 'You are such a pleasure to coach and you always make me smile in class!', 1),
(152, 'PERSONALITY_SOCIAL', 'Thank you for making sure everyone is involved in class!', 1),
(153, 'PERSONALITY_SOCIAL', 'I love how you share your stories with me every week!', 1),
(154, 'SKILL', 'Your ~!SKILL!~ has improved so much!', 1),
(155, 'SKILL', 'Your straight legs in your ~!SKILL!~ are so fantastic!', 1),
(156, 'SKILL', 'I love your straight legs and pointed toes in your ~!SKILL!~ on the ~!EVENT!~!', 1),
(157, 'SKILL', 'I love how amazing your handstand against the incline has become!', 1),
(158, 'SKILL', 'Thanks for working so hard on bouncing your hands and knees on the tumble track!', 1),
(159, 'CLOSING', 'Cannot wait to see what you accomplish next session!', 1),
(160, 'CLOSING', 'Keep it up!', 1),
(161, 'CLOSING', 'Keep doing an amazing job and you\'ll achieve great things!', 1),
(162, 'CLOSING', 'Keep up the marvelous work!', 1),
(163, 'CLOSING', 'Fantastic job this session!', 1),
(164, 'INTRO', 'Spectacular work this session ~!NAME!~!', 1),
(165, 'INTRO', '~!NAME!~~!#!~ I\'m so proud of how far you\'ve come this session !', 1),
(166, 'INTRO', 'Brilliant job this session ~!NAME!~!', 1),
(167, 'INTRO', 'It has been wonderful coaching you this session.', 1),
(168, 'PERSONALITY_BRAVE', 'Thanks for always challenging yourself in class!', 1),
(169, 'PERSONALITY_BRAVE', 'I am so proud of how far your bravery on the beam has come!', 1),
(170, 'PERSONALITY_BRAVE', 'Your willingness to try new skills amazes me!', 1),
(171, 'PERSONALITY_ENERGY', 'Your passion for gymnastics really shows in class!', 1),
(172, 'PERSONALITY_ENERGY', 'I love how you face every challenge with eagerness and enthusiam!', 1),
(173, 'PERSONALITY_ENERGY', 'You have learned many new skills because of your positive attitude towards gymnastics!', 1),
(174, 'PERSONALITY_GENERAL', 'Your focus and determination in class is amazing!', 1),
(175, 'PERSONALITY_GENERAL', 'You have developed so much confidence in your skills this session.', 1),
(176, 'PERSONALITY_GENERAL', 'I am so proud of your willingness to try new skills! ', 1),
(177, 'PERSONALITY_GENERAL', 'I have noticed a tremendous improvement of your flexibility each week. ', 1),
(178, 'PERSONALITY_GENERAL', 'Your increased flexiblity has helped you to achieve more difficult leaps and jumps. ', 1),
(179, 'PERSONALITY_STRENGTH', 'You always work so hard to improve your strength. ', 1),
(180, 'PERSONALITY_STRENGTH', 'Your muscular endurance when doing conditioning is extremely impressive. ', 1),
(181, 'PERSONALITY_STRENGTH', 'Your confidence and strength has improved tremendously.', 1),
(182, 'PERSONALITY_SOCIAL', 'Thank you for always including and encouraging everyone in the class.', 1),
(183, 'PERSONALITY_SOCIAL', 'You are always kind and helpful to everyone in the gym. ', 1),
(184, 'PERSONALITY_SOCIAL', 'I love how you celebrate all of your friends achievments. ', 1),
(185, 'SKILL', 'Your body control on straight jump off the spring board is wonderful.', 1),
(186, 'SKILL', 'Congratulations on connecting your casts on bars. ', 1),
(187, 'SKILL', 'You have great coordination and balance in your ~!SKILL!~ on ~!EVENT!~. ', 1),
(188, 'SKILL', 'Your ~!SKILL!~ on ~!EVENT!~ is looking fantastic. ', 1),
(189, 'SKILL', 'I am so impressed with your ~!SKILL!~ on ~!EVENT!~.', 1),
(190, 'CLOSING', 'Looking forward to see you again next session!', 1),
(191, 'CLOSING', 'Keep working hard and you\'ll achieve so much in this sport!', 1),
(192, 'CLOSING', 'Never stop trying your best; you are doing fabulously!', 1),
(193, 'CLOSING', 'I cannot wait to see what you will perfect next!', 1),
(194, 'INTRO', 'Outstanding work this session ~!NAME!~!', 1),
(195, 'INTRO', '~!NAME!~~!#!~ wonderful job this session!', 1),
(196, 'INTRO', 'Congratulations ~!NAME!~! You have done an amazing job this session!', 1),
(197, 'INTRO', 'Spectacular session ~!NAME!~!', 1),
(198, 'PERSONALITY_BRAVE', 'It is amazing to see how confident you are in the gym.', 1),
(199, 'PERSONALITY_BRAVE', 'I love that you are always willing to be the first one to try a new skill. ', 1),
(200, 'PERSONALITY_BRAVE', 'Thanks for always being brave when trying new skills. ', 1),
(201, 'PERSONALITY_ENERGY', 'Your enthusiastic personality brings so much energy and fun to class. ', 1),
(202, 'PERSONALITY_ENERGY', 'The energy and passion you put towards your gymnastics is amazing. ', 1),
(203, 'PERSONALITY_ENERGY', 'You always come to gymnastics ready to work hard!', 1),
(204, 'PERSONALITY_GENERAL', 'I love how confident you hove become throughout the session!', 1),
(205, 'PERSONALITY_GENERAL', 'I am so proud of you for continuing to build your confidence each class. ', 1),
(206, 'PERSONALITY_GENERAL', 'You always bring your best effort and should be very proud of yourself. ', 1),
(207, 'PERSONALITY_GENERAL', 'I am so proud of you for working on your flexibility in order to perfect the gymnastics technique. ', 1),
(208, 'PERSONALITY_GENERAL', 'Your bridge has improved because of all your hard work on your shoulder flexibility. ', 1),
(209, 'PERSONALITY_GENERAL', 'Thank you for your dedication and hardwork towards your flexibilty each week. ', 1),
(210, 'PERSONALITY_STRENGTH', 'Your lower body strength allows you to have such powerful vaults.', 1),
(211, 'PERSONALITY_STRENGTH', 'Thanks for working so hard each week building your strength. ', 1),
(212, 'PERSONALITY_STRENGTH', 'I have noticed a tremendous improvement in your strength each week. ', 1),
(213, 'PERSONALITY_SOCIAL', 'It has been a pleasure having you in my class and I have loved watching you achieve new skills!', 1),
(214, 'PERSONALITY_SOCIAL', 'I love how you always come to class with a positive attitude!', 1),
(215, 'PERSONALITY_SOCIAL', 'Your hard work and love of gymnastics has helped you to achieve so much this session.', 1),
(216, 'SKILL', 'Your ~!EVENT!~ coordination and flexibility has help you achieve your ~!SKILL!~.', 1),
(217, 'SKILL', 'You have mastered your ~!SKILL!~ on the ~!EVENT!~ and I am super impressed. ', 1),
(218, 'SKILL', 'Your ~!SKILL!~ dismounts off ~!EVENT!~ are amazing. ', 1),
(219, 'SKILL', 'Your ~!SKILL!~ with straight arms is looking fantastic. ', 1),
(220, 'SKILL', 'Great job connecting your seat drop to your hand knee drop on trampoline. ', 1),
(221, 'CLOSING', 'Congratulations on an fantastic season!', 1),
(222, 'CLOSING', 'Keep working hard and you\'ll keep improving!', 1),
(223, 'CLOSING', 'Keep up that positive attitude and you will achieve great things!', 1),
(224, 'CLOSING', 'I can\'t wait to see what you do next!', 1),
(225, 'INTRO', '~!NAME!~~!#!~ I\'m so proud of how far you\'ve come this session!', 1),
(226, 'INTRO', 'Wonderful job this session ~!NAME!~!', 1),
(227, 'INTRO', '~!NAME!~ it was lovely to have you in my class this session!', 1),
(228, 'PERSONALITY_BRAVE', 'You have been so courageous and have tackled so many challenging skills without fear.', 1),
(229, 'PERSONALITY_BRAVE', 'I love how your confidence has improved throughout this session.', 1),
(230, 'PERSONALITY_BRAVE', 'I love how much courage you have in the gym.', 1),
(231, 'PERSONALITY_ENERGY', 'I really appreciate all of your hard work and dedication each week.', 1),
(232, 'PERSONALITY_ENERGY', 'I love the focus and positive attitude you bring to class each week.', 1),
(233, 'PERSONALITY_ENERGY', 'Thanks for putting so much energy into your trampoline skills.', 1),
(234, 'PERSONALITY_GENERAL', 'Thanks for always listening and applying corrections to your gymnastics.', 1),
(235, 'PERSONALITY_GENERAL', 'You are such a focused and hard working athlete.', 1),
(236, 'PERSONALITY_GENERAL', 'I loved watching you grow and improve as a gymnast this session.', 1),
(237, 'PERSONALITY_GENERAL', 'I love how strong your bridges are looking and how much your shoulder flexibilty has improved.', 1),
(238, 'PERSONALITY_GENERAL', 'Thanks for working so hard on your bridges and splits.', 1),
(239, 'PERSONALITY_GENERAL', 'You have fantastic coordination and balance.', 1),
(240, 'PERSONALITY_STRENGTH', 'I\'m totally impressed with how much your strength has improved this session.', 1),
(241, 'PERSONALITY_STRENGTH', 'I love how you use your core strength during your bar skills.', 1),
(242, 'PERSONALITY_STRENGTH', 'I love your power and technique on floor.', 1),
(243, 'PERSONALITY_SOCIAL', 'You\'ve been such a joy to coach this session.', 1),
(244, 'PERSONALITY_SOCIAL', 'You are such a great leader in class and always help your friends. ', 1),
(245, 'PERSONALITY_SOCIAL', 'Thank you for always bringing a smile to everyone\'s face in class.', 1),
(246, 'SKILL', 'You have the most amazing ~!SKILL!~!', 1),
(247, 'SKILL', 'Your pull over is so amaing you can even do it at chin height!', 1),
(248, 'SKILL', 'You show so much courage when you do your ~!SKILL!~ on the ~!EVENT!~. ', 1),
(249, 'SKILL', 'It has been lovely to watch your cartwheels progress~!#!~ your feet are all the way above horizontal', 1),
(250, 'SKILL', 'I am so amazed with all your muscle control in your ~!SKILL!~ on ~!EVENT!~. ', 1),
(251, 'CLOSING', 'Well done!', 1),
(252, 'CLOSING', 'Looking forward to seeing you next session!', 1),
(253, 'CLOSING', 'I can\'t wait to see your improvement continue next session!', 1),
(254, 'CLOSING', 'I look forward to seeing you grow and develop your skills on each event!', 1),
(255, 'CLOSING', 'Spectacular work!', 1),
(256, 'INTRO', 'Phenomenal work this session~!#!~ ~!NAME!~!', 1),
(257, 'INTRO', '~!NAME!~~!#!~ you have had such a wonderful session!', 1),
(258, 'INTRO', 'Marvelous job this session~!#!~ ~!NAME!~!', 1),
(259, 'INTRO', '~!NAME!~~!#!~ I am so proud of how hard you have worked this session!', 1),
(260, 'INTRO', 'Thank-you ~!NAME!~~!#!~ for always putting so much effort into class~!#!~ and for never giving up! ', 1),
(261, 'PERSONALITY_BRAVE', 'I am amazed with how brave you are on the bars~!#!~ especially on the high bar! ', 1),
(262, 'PERSONALITY_BRAVE', 'Your floor skills are improving so much because of how brave you are becoming.', 1),
(263, 'PERSONALITY_BRAVE', 'Your courage shines brightly when you do your high beam skills. ', 1),
(264, 'PERSONALITY_ENERGY', 'Thank-you for always bringing so much positive energy to class each week! ', 1),
(265, 'PERSONALITY_ENERGY', 'I love how much power you have when straddling over two blocks. ', 1),
(266, 'PERSONALITY_ENERGY', 'You always come into the gym with so much energy and are always willing to work hard!', 1),
(267, 'PERSONALITY_GENERAL', 'You have been a pleasure to coach this session!', 1),
(268, 'PERSONALITY_GENERAL', 'You pick up skills very quickly~!#!~ which has helped you learn so many new skills.', 1),
(269, 'PERSONALITY_GENERAL', 'I am so proud with how hard you have worked this session!', 1),
(270, 'PERSONALITY_GENERAL', 'I love how straight your knees are in your long bridge; your shoulder flexibility has improved so mu', 1),
(271, 'PERSONALITY_GENERAL', 'You have continued to push your own limits~!#!~ I am proud of you for having so much courage!', 1),
(272, 'PERSONALITY_GENERAL', 'Your work ethic is incredible!', 1),
(273, 'PERSONALITY_STRENGTH', 'I am amazed with how much your strength has improved since the beginning of the session! ', 1),
(274, 'PERSONALITY_STRENGTH', 'You can do so many chin ups because of your amazing arm strength.', 1),
(275, 'PERSONALITY_STRENGTH', 'You amazing strength has helped you achieve so many new skills.', 1),
(276, 'PERSONALITY_SOCIAL', 'You always have a positive attitude towards gymnastics and are always willing to help others in the ', 1),
(277, 'PERSONALITY_SOCIAL', 'It was a pleasure to coach you and your positive attitude this session! ', 1),
(278, 'PERSONALITY_SOCIAL', 'Thank you for creating such a welcoming environment for all the athletes in the class. ', 1),
(279, 'SKILL', 'Your ~!SKILL!~ on ~!EVENT!~ really capture how strong you are!', 1),
(280, 'SKILL', 'I am so amazed with how well you keep your feet and legs together for your ~!SKILL!~!', 1),
(281, 'SKILL', 'Your ~!SKILL!~ on ~!EVENT!~ impresses me more and more each week! ', 1),
(282, 'SKILL', 'Your technique really shines through your ~!SKILL!~ on ~!EVENT!~! ', 1),
(283, 'SKILL', 'Your combination of hand and knee drop to stomach drop has improved tremendously! ', 1),
(284, 'CLOSING', 'I am so proud of everything you have achieved over this session and I can\'t wait to see what you do ', 1),
(285, 'CLOSING', 'Keep up all of the hard work~!#!~ ~!NAME!~!', 1),
(286, 'CLOSING', 'I can\'t wait to see what you will achieve next!', 1),
(287, 'CLOSING', 'I am excited to continue to see you develop and grow as a gymnast.', 1),
(288, 'CLOSING', 'Congratulations on all of your success this session.', 1),
(289, 'INTRO', 'Congratulations on a wonderful session [Name of athlete]', 1),
(290, 'INTRO', 'Wonderful work this session~!#!~ [Name of athlete]! ', 1),
(291, 'INTRO', ' [Name of athlete]~!#!~ it has been a joy being your coach this session! ', 1),
(292, 'INTRO', 'Spectacular work this session  [Name of athlete]~!#!~ you have improved so much! ', 1),
(293, 'INTRO', ' [Name of athlete]~!#!~ you have so much determination with your gymnastic skills and you have impro', 1),
(294, 'PERSONALITY_BRAVE', 'I love to see how brave you are when it comes to learning a new skill! ', 1),
(295, 'PERSONALITY_BRAVE', 'Your dedication to learn new and tricky skills is wonderful to watch.  ', 1),
(296, 'PERSONALITY_BRAVE', 'You show great confidence when working on the beam and bars!', 1),
(297, 'PERSONALITY_ENERGY', 'You always come to gymnastics ready to work hard.', 1),
(298, 'PERSONALITY_ENERGY', 'I love the energy you bring to class with you every week.', 1),
(299, 'PERSONALITY_ENERGY', 'You show great power when connecting your three swivel hips. ', 1),
(300, 'PERSONALITY_GENERAL', 'You have focused hard on your coordination and balance this session. ', 1),
(301, 'PERSONALITY_GENERAL', 'Your bar skills are coming along nicely because of all your hardwork.', 1),
(302, 'PERSONALITY_GENERAL', 'You have put a lot of effort into this session.', 1),
(303, 'PERSONALITY_GENERAL', 'I am amazed by how much hard work and dedication you have put into your gymnastics skills!', 1),
(304, 'PERSONALITY_GENERAL', 'You have been so corageous and tackled some very challenging skills this session.', 1),
(305, 'PERSONALITY_GENERAL', 'Your flexibility in your straddle jumps on trampoline is amazing.', 1),
(306, 'PERSONALITY_STRENGTH', 'I am impressed with how focused you have been building your strength.', 1),
(307, 'PERSONALITY_STRENGTH', 'Your focus on strength this session has helped you increase your speed and power on vault', 1),
(308, 'PERSONALITY_STRENGTH', 'I am so impressed with the amount of strength you have displayed on each event.', 1),
(309, 'PERSONALITY_SOCIAL', 'You are wonderful at helping the others in the class.', 1),
(310, 'PERSONALITY_SOCIAL', 'Your positive attitude is a pleasure to have in the gym.', 1),
(311, 'PERSONALITY_SOCIAL', 'I love how you celebrate all of your friends achievements. ', 1),
(312, 'SKILL', 'I am so thrilled with the fantastic technique in your hollow donkey kicks!', 1),
(313, 'SKILL', 'Congratulations on achieving you chin up pullover this session!', 1),
(314, 'SKILL', 'Thank-you for always working so hard on your straight and tuck jump on the beam - they are amazing!', 1),
(315, 'SKILL', 'Your round-off off of the block is so strong and your technique has improved greatly!', 1),
(316, 'SKILL', 'I love how hard you have worked to achieve your dive rolls off the tumble track!', 1),
(317, 'CLOSING', 'Great work this session~!#!~ congratulations! ', 1),
(318, 'CLOSING', 'I am so excited to see what you do next!', 1),
(319, 'CLOSING', 'Keep working hard~!#!~ and I know you will achieve great things next session!', 1),
(320, 'INTRO', 'I am so impressed by how much you have improved this session~!#!~ ~!NAME!~', 1),
(321, 'INTRO', 'Excellent job this session~!#!~ ~!NAME!~!', 1),
(322, 'INTRO', 'Outstanding work this session!', 1),
(323, 'INTRO', 'Way to go this session~!#!~ ~!NAME!~! ', 1),
(324, 'INTRO', '~!NAME!~~!#!~ you worked so hard this session~!#!~ way to go! ', 1),
(325, 'PERSONALITY_BRAVE', 'I am proud of how brave you are when you are on the high bar.', 1),
(326, 'PERSONALITY_BRAVE', 'Your willingness to try new skills amazes me.', 1),
(327, 'PERSONALITY_BRAVE', 'You show great courage in you dismounts off beam. ', 1),
(328, 'PERSONALITY_ENERGY', 'Your amazing smile and positive energy have really helped you achieve so much!', 1),
(329, 'PERSONALITY_ENERGY', 'Thank you for always trying your best your positive energy shows in your excitement for class.', 1),
(330, 'PERSONALITY_ENERGY', 'Thank you for always being excited and eager to try new skills with a smile and positive attitude. ', 1),
(331, 'PERSONALITY_GENERAL', 'I love how determinded and focusd you are to do the proper gymnastics technique. ', 1),
(332, 'PERSONALITY_GENERAL', 'Thank you for always working hard and maintaining your focus throughout class. ', 1),
(333, 'PERSONALITY_GENERAL', 'Your short bridge demonstrates great strength and shoulder flexibility. ', 1),
(334, 'PERSONALITY_GENERAL', 'Your coordination and balance on beam is spectacular. ', 1),
(335, 'PERSONALITY_GENERAL', 'You are always focused and determined to increase your gymnastics knowledge!', 1),
(336, 'PERSONALITY_STRENGTH', 'Your strength has greatly increased this session with all your hard work. ', 1),
(337, 'PERSONALITY_STRENGTH', 'Keep up the amazing work developing your strength. ', 1),
(338, 'PERSONALITY_STRENGTH', 'Your power and shoulder strength is highlighted through your floor skills. ', 1),
(339, 'PERSONALITY_SOCIAL', 'It was a pleasure coaching you and your fun personality!', 1),
(340, 'PERSONALITY_SOCIAL', 'You always know how to make everyone in the class smile. ', 1),
(341, 'PERSONALITY_SOCIAL', 'Thank you for always being a leader in our class. ', 1),
(342, 'SKILL', 'Your ~!EVENT!~ skills have improved incredibly~!#!~ especially with your ~!SKILL!~!', 1),
(343, 'SKILL', 'I\'m amazed by how strong your ~!SKILL!~ has become!', 1),
(344, 'SKILL', 'I love how you can stick your round-off dismount off the beam!', 1),
(345, 'SKILL', 'You have great technique in your ~!SKILL!~!', 1),
(346, 'CLOSING', 'Congratulations on a job well done! ', 1),
(347, 'CLOSING', 'Congratulations on an exceptional session~!#!~ ~!NAME!~!  ', 1),
(348, 'CLOSING', 'You did so great this session and I cannot wait to see what you do next session! ', 1),
(349, 'CLOSING', 'I am so amazed by how much you have accomplished this session ~!NAME!~! ', 1),
(350, 'CLOSING', 'You should be very proud of your accomplishments this sesison!', 1),
(351, 'INTRO', '~!NAME!~~!#!~ congratulations on a marvelous session! ', 1),
(352, 'INTRO', 'I am so amazed by how much you have improved this session ~!NAME!~! ', 1),
(353, 'INTRO', 'You have come so far in this session ~!NAME!~~!#!~ congratulations! ', 1),
(354, 'PERSONALITY_BRAVE', 'Your bravery has made you capable at learning and achieving many new skills.', 1),
(355, 'PERSONALITY_BRAVE', 'You have demonstrated so much bravery this session!', 1),
(356, 'PERSONALITY_BRAVE', 'You show great courage when doing your bar skills. ', 1),
(357, 'PERSONALITY_ENERGY', 'Thank-you for always bringing a smile to gymnastics! ', 1),
(358, 'PERSONALITY_ENERGY', 'You always try your best and are always excited to be in the gym!', 1),
(359, 'PERSONALITY_ENERGY', 'You have spectacular power and energy on trampoline!', 1),
(360, 'PERSONALITY_GENERAL', 'You work very well independently. ', 1),
(361, 'PERSONALITY_GENERAL', 'I love how focused you are when it comes to the your technique.', 1),
(362, 'PERSONALITY_GENERAL', 'I am so proud of all the hard work and effort you have put into your skills this session!', 1),
(363, 'PERSONALITY_GENERAL', 'I am so thrilled by how much your shoulder flexibility has improved throughout this session! ', 1),
(364, 'PERSONALITY_STRENGTH', 'Your strength has helped you improve your swings by making them even more powerful.', 1),
(365, 'PERSONALITY_STRENGTH', 'You have spectacular strength and control in your bar skills. ', 1),
(366, 'PERSONALITY_SOCIAL', 'Thank-you for always including all of the other athletes in the class.', 1),
(367, 'PERSONALITY_SOCIAL', 'I love the motivated attitude you bring into the gym!', 1),
(368, 'PERSONALITY_SOCIAL', 'Your vibrant personality and work ethic brings out the best in others. ', 1),
(369, 'SKILL', 'Thank you for keeping your legs super straight when you do your ~!SKILL!~.', 1),
(370, 'SKILL', 'The balance you have in your ~!SKILL!~ on ~!EVENT!~ is incredible.', 1),
(371, 'SKILL', 'The technique that you have in your ~!SKILL!~ on ~!EVENT!~ with step present landing is incredible!', 1),
(372, 'SKILL', 'Your hurdle round-off pop is so strong!', 1),
(373, 'SKILL', 'Your ~!SKILL!~ has improved extremely well!', 1),
(374, 'CLOSING', 'Congratulations on all your accomplishes this session! ', 1),
(375, 'CLOSING', 'Well done this session~!#!~ ~!NAME!~! ', 1),
(376, 'CLOSING', 'Keep up all the fabulous work! ', 1),
(377, 'INTRO', '~!NAME!~~!#!~ it has been a pleasure being your coach! ', 1),
(378, 'INTRO', '~!NAME!~~!#!~ I am very proud of all your hard work this session! ', 1),
(379, 'INTRO', 'Fabulous job this session~!#!~ ~!NAME!~!  ', 1),
(380, 'INTRO', '~!NAME!~~!#!~ you have worked so hard this session and you have achieved so much! ', 1),
(381, 'PERSONALITY_BRAVE', 'You are becoming so brave with your backwards skills on beam.', 1),
(382, 'PERSONALITY_BRAVE', 'It is so amazing to see you improve your confidence on the high bar.', 1),
(383, 'PERSONALITY_BRAVE', 'You have been so dedicated with building your courage in all your gymnastics skills. ', 1),
(384, 'PERSONALITY_BRAVE', 'You have learned many new skills because of your positive attitude towards gymnastics!', 1),
(385, 'PERSONALITY_ENERGY', 'I love how you always come into the gym with a smile and ready to work hard.', 1),
(386, 'PERSONALITY_ENERGY', 'Thank-you for always showing so much effort and energy with all of your skills. ', 1),
(387, 'PERSONALITY_GENERAL', 'You are such an amazing listener in class!', 1),
(388, 'PERSONALITY_GENERAL', 'Your coordination and balance on beam are spectacular!', 1),
(389, 'PERSONALITY_GENERAL', 'I appreciate that you always try your best and are always focused on developing your skills!', 1),
(390, 'PERSONALITY_GENERAL', 'Thank you for always focusing on your technique and body positions in all of your skills. ', 1),
(391, 'PERSONALITY_GENERAL', 'You have put a lot of effort into your flexibility this session.', 1),
(392, 'PERSONALITY_GENERAL', 'Your flexibility shines in your connected jumps~!#!~ especially your scissor kick.  ', 1),
(393, 'PERSONALITY_STRENGTH', 'I love seeing your strength improving! ', 1),
(394, 'PERSONALITY_STRENGTH', 'As you continue to get stronger your skills will get stronger as well.', 1),
(395, 'PERSONALITY_STRENGTH', 'Your front handspring off the spotting block has great power and pop. ', 1),
(396, 'PERSONALITY_SOCIAL', 'Thank you for always being such a great leader within the class! ', 1),
(397, 'PERSONALITY_SOCIAL', 'I appreciate your eagerness in wanting to demonstrate skills to the class.', 1),
(398, 'PERSONALITY_SOCIAL', 'You always make the other kids in the class feel welcome and comfortable. ', 1),
(399, 'SKILL', 'You show so much technique and power when you do your ~!SKILL!~ on ~!EVENT!~.', 1),
(400, 'SKILL', 'The strength you show in your ~!SKILL!~ is incredible!', 1),
(401, 'SKILL', 'I love how you are able to stick you ~!SKILL!~ on ~!EVENT!~!', 1),
(402, 'SKILL', 'Thank you for keeping your legs super straight in your ~!SKILL!~~!#!~ it\'s amazing.', 1),
(403, 'SKILL', 'I am so amazed how you can do your seat drop to stomach drop without going to your feet in between.', 1),
(404, 'CLOSING', 'I cannot wait to see what you are going to achieve next! ', 1),
(405, 'CLOSING', 'Keep up the great work~!#!~ ~!NAME!~! ', 1),
(406, 'CLOSING', 'I look forward to seeing you attain new skills in the future.', 1),
(407, 'CLOSING', 'With your continued hard work I know you will achieve amazing things.', 1),
(408, 'CLOSING', 'Congratulations on a fabulous session ~!NAME!~', 1),
(409, 'INTRO', '~!NAME!~~!#!~ I am so proud of all that you have accomplished this session! ', 1),
(410, 'INTRO', '~!NAME!~~!#!~ it has been amazing to watch you improve this session!', 1),
(411, 'INTRO', 'I am so impressed by how hard you have worked this session~!#!~ ~!NAME!~! ', 1),
(412, 'INTRO', ' ~!NAME!~~!#!~ tremendous job this session! ', 1),
(413, 'INTRO', ' ~!NAME!~~!#!~ you have had such an amazing session and you have accomplished so much! ', 1),
(414, 'PERSONALITY_BRAVE', 'I am so proud of how brave you have become on bars.', 1),
(415, 'PERSONALITY_BRAVE', 'You have shown spectacular courage this session!', 1),
(416, 'PERSONALITY_BRAVE', 'You always put so much effort and courage in all of your skills. ', 1),
(417, 'PERSONALITY_ENERGY', 'I love how you always come to class with a huge smile on your face.', 1),
(418, 'PERSONALITY_ENERGY', 'You always have such a great attitude when coming to gymnastics.', 1),
(419, 'PERSONALITY_ENERGY', 'You show so much power and energy on your vault drills and skills.  ', 1),
(420, 'PERSONALITY_GENERAL', 'It has been so amazing seeing you improve your confidence on bars. ', 1),
(421, 'PERSONALITY_GENERAL', 'I am so proud of your willingness to try new skills. ', 1),
(422, 'PERSONALITY_GENERAL', 'I have seen a big improvement in your flexibility.', 1),
(423, 'PERSONALITY_GENERAL', 'You show great flexibility and strength in your fall to bridge. ', 1),
(424, 'PERSONALITY_GENERAL', 'You have spectacular coordination and balance on beam. ', 1),
(425, 'PERSONALITY_STRENGTH', 'Your focus on improving your strength and conditioning is amazing. ', 1),
(426, 'PERSONALITY_STRENGTH', 'Your strength and power on vault and floor is wonderful. ', 1),
(427, 'PERSONALITY_STRENGTH', 'You have fabulous control and strength in all of your dismount landings!', 1),
(428, 'PERSONALITY_SOCIAL', 'Thank you for always being such a great leader in the class! ', 1),
(429, 'PERSONALITY_SOCIAL', 'You have been a true pleasure to coach and I really appreciate how you are always looking for ways t', 1),
(430, 'SKILL', 'I love how strong you are when you are doing your handstand walking.', 1),
(431, 'SKILL', 'I am so impressed with how hard you have worked on your chin up pullover to cast to back hip circle.', 1),
(432, 'SKILL', 'I am amazed with how far your ~!SKILL!~ on ~!EVENT!~ has come.', 1),
(433, 'SKILL', 'I love the technique you show with your ~!SKILL!~. ', 1),
(434, 'SKILL', 'Your ~!SKILL!~ on ~!EVENT!~ has really improved since the beginning of the session.', 1),
(435, 'CLOSING', 'Congratulations on achieving so many new skills this session! ', 1),
(436, 'CLOSING', 'I am so proud of everything you have accomplished. Keep up the great work! ', 1),
(437, 'CLOSING', 'Keep up the wonderful work!', 1),
(438, 'CLOSING', 'I cannot wait to see what fabulous skills you achieve next!', 1),
(439, 'CLOSING', 'I am so proud of what you accomplished this session ~!NAME!~! ', 1);

-- --------------------------------------------------------

--
-- Table structure for table `comment_levels`
--

CREATE TABLE `comment_levels` (
  `id` int(11) NOT NULL,
  `comments_id` int(11) NOT NULL,
  `levels_id` int(11) NOT NULL
) ENGINE=InnoDB DEFAULT CHARSET=latin1;

--
-- Dumping data for table `comment_levels`
--

INSERT INTO `comment_levels` (`id`, `comments_id`, `levels_id`) VALUES
(426, 70, 26),
(427, 71, 26),
(428, 72, 26),
(429, 72, 28),
(430, 73, 26),
(431, 73, 35),
(434, 76, 26),
(435, 77, 26),
(436, 78, 26),
(437, 79, 26),
(438, 80, 26),
(439, 81, 26),
(441, 83, 26),
(442, 84, 26),
(443, 85, 26),
(444, 86, 26),
(445, 87, 26),
(446, 88, 26),
(447, 89, 26),
(448, 90, 26),
(449, 91, 26),
(450, 92, 26),
(451, 93, 26),
(452, 94, 26),
(453, 95, 26),
(457, 98, 26),
(458, 99, 26),
(459, 100, 26),
(460, 101, 26),
(461, 102, 27),
(462, 102, 28),
(463, 102, 35),
(464, 103, 27),
(465, 104, 27),
(466, 104, 29),
(467, 105, 27),
(468, 105, 36),
(469, 106, 27),
(470, 107, 27),
(471, 108, 27),
(472, 109, 27),
(473, 110, 27),
(474, 111, 27),
(475, 112, 27),
(476, 113, 27),
(477, 114, 27),
(478, 115, 27),
(479, 116, 27),
(480, 117, 27),
(481, 118, 27),
(482, 119, 27),
(483, 120, 27),
(484, 121, 27),
(485, 122, 27),
(486, 123, 27),
(487, 124, 27),
(488, 125, 27),
(489, 126, 27),
(490, 127, 27),
(491, 128, 27),
(492, 129, 27),
(493, 130, 27),
(494, 131, 27),
(495, 132, 27),
(496, 133, 27),
(497, 133, 33),
(498, 133, 35),
(499, 134, 28),
(500, 135, 28),
(501, 136, 28),
(502, 137, 28),
(503, 138, 28),
(504, 139, 28),
(505, 140, 28),
(506, 141, 28),
(507, 142, 28),
(508, 143, 28),
(509, 144, 28),
(510, 145, 28),
(511, 145, 35),
(512, 146, 28),
(513, 147, 28),
(514, 148, 28),
(515, 149, 28),
(516, 150, 28),
(517, 151, 28),
(518, 152, 28),
(519, 153, 28),
(520, 154, 28),
(521, 155, 28),
(522, 156, 28),
(523, 157, 28),
(524, 158, 28),
(525, 159, 28),
(526, 160, 28),
(527, 160, 30),
(528, 161, 28),
(529, 162, 28),
(530, 163, 28),
(531, 163, 33),
(532, 164, 29),
(533, 164, 31),
(534, 165, 29),
(535, 165, 30),
(536, 166, 29),
(537, 167, 29),
(538, 168, 29),
(539, 169, 29),
(540, 170, 29),
(541, 171, 29),
(542, 172, 29),
(543, 173, 29),
(544, 174, 29),
(545, 175, 29),
(546, 175, 37),
(547, 176, 29),
(548, 177, 29),
(549, 178, 29),
(550, 179, 29),
(551, 180, 29),
(552, 181, 29),
(553, 181, 35),
(554, 182, 29),
(555, 183, 29),
(556, 184, 29),
(557, 185, 29),
(558, 186, 29),
(559, 187, 29),
(560, 188, 29),
(561, 189, 29),
(562, 190, 29),
(563, 191, 29),
(564, 192, 29),
(565, 193, 29),
(566, 194, 30),
(567, 195, 30),
(568, 196, 30),
(569, 197, 30),
(570, 198, 30),
(571, 199, 30),
(572, 200, 30),
(573, 201, 30),
(574, 202, 30),
(575, 203, 30),
(576, 204, 30),
(577, 205, 30),
(578, 206, 30),
(579, 207, 30),
(580, 208, 30),
(581, 209, 30),
(582, 209, 34),
(583, 210, 30),
(584, 211, 30),
(585, 212, 30),
(586, 213, 30),
(587, 214, 30),
(588, 214, 37),
(589, 215, 30),
(590, 216, 30),
(591, 217, 30),
(592, 218, 30),
(593, 219, 30),
(594, 220, 30),
(595, 221, 30),
(596, 222, 30),
(597, 223, 30),
(598, 224, 30),
(599, 225, 31),
(600, 226, 31),
(601, 227, 31),
(602, 228, 31),
(603, 229, 31),
(604, 230, 31),
(605, 231, 31),
(606, 232, 31),
(607, 233, 31),
(608, 234, 31),
(609, 235, 31),
(610, 236, 31),
(611, 237, 31),
(612, 238, 31),
(613, 239, 31),
(614, 240, 31),
(615, 241, 31),
(616, 242, 31),
(617, 243, 31),
(618, 244, 31),
(619, 245, 31),
(620, 246, 31),
(621, 247, 31),
(622, 248, 31),
(623, 249, 31),
(624, 250, 31),
(625, 251, 31),
(626, 252, 31),
(627, 253, 31),
(628, 254, 31),
(629, 255, 31),
(630, 256, 32),
(631, 257, 32),
(632, 258, 32),
(633, 259, 32),
(634, 260, 32),
(635, 261, 32),
(636, 262, 32),
(637, 263, 32),
(638, 264, 32),
(639, 265, 32),
(640, 266, 32),
(641, 267, 32),
(642, 268, 32),
(643, 269, 32),
(644, 270, 32),
(645, 271, 32),
(646, 272, 32),
(647, 272, 35),
(648, 273, 32),
(649, 274, 32),
(650, 275, 32),
(651, 276, 32),
(652, 277, 32),
(653, 278, 32),
(654, 279, 32),
(655, 280, 32),
(656, 281, 32),
(657, 282, 32),
(658, 283, 32),
(659, 284, 32),
(660, 285, 32),
(661, 286, 32),
(662, 287, 32),
(663, 287, 35),
(664, 288, 32),
(665, 289, 33),
(666, 290, 33),
(667, 291, 33),
(668, 292, 33),
(669, 293, 33),
(670, 294, 33),
(671, 295, 33),
(672, 296, 33),
(673, 297, 33),
(674, 298, 33),
(675, 299, 33),
(676, 300, 33),
(677, 301, 33),
(678, 302, 33),
(679, 303, 33),
(680, 304, 33),
(681, 305, 33),
(682, 306, 33),
(683, 307, 33),
(684, 308, 33),
(685, 309, 33),
(686, 310, 33),
(687, 311, 33),
(688, 312, 33),
(689, 313, 33),
(690, 314, 33),
(691, 315, 33),
(692, 316, 33),
(693, 317, 33),
(694, 318, 33),
(695, 319, 33),
(696, 320, 34),
(697, 321, 34),
(698, 322, 34),
(699, 323, 34),
(700, 324, 34),
(701, 325, 34),
(702, 326, 34),
(703, 327, 34),
(704, 328, 34),
(705, 329, 34),
(706, 330, 34),
(707, 331, 34),
(708, 332, 34),
(709, 333, 34),
(710, 334, 34),
(711, 335, 34),
(712, 336, 34),
(713, 337, 34),
(714, 338, 34),
(715, 339, 34),
(716, 340, 34),
(717, 341, 34),
(718, 342, 34),
(719, 343, 34),
(720, 344, 34),
(721, 345, 34),
(722, 346, 34),
(723, 347, 34),
(724, 348, 34),
(725, 349, 34),
(726, 350, 34),
(727, 351, 35),
(728, 352, 35),
(729, 353, 35),
(730, 354, 35),
(731, 355, 35),
(732, 356, 35),
(733, 357, 35),
(734, 358, 35),
(735, 359, 35),
(736, 360, 35),
(737, 361, 35),
(738, 362, 35),
(739, 363, 35),
(740, 364, 35),
(741, 365, 35),
(742, 366, 35),
(743, 367, 35),
(744, 368, 35),
(745, 369, 35),
(746, 370, 35),
(747, 371, 35),
(748, 372, 35),
(749, 373, 35),
(750, 374, 35),
(751, 375, 35),
(752, 376, 35),
(753, 377, 36),
(754, 378, 36),
(755, 379, 36),
(756, 380, 36),
(757, 381, 36),
(758, 382, 36),
(759, 383, 36),
(760, 384, 36),
(761, 385, 36),
(762, 386, 36),
(763, 387, 36),
(764, 388, 36),
(765, 389, 36),
(766, 390, 36),
(767, 391, 36),
(768, 392, 36),
(769, 393, 36),
(770, 394, 36),
(771, 395, 36),
(772, 396, 36),
(773, 397, 36),
(774, 398, 36),
(775, 399, 36),
(776, 400, 36),
(777, 401, 36),
(778, 402, 36),
(779, 403, 36),
(780, 404, 36),
(781, 405, 36),
(782, 406, 36),
(783, 407, 36),
(784, 408, 36),
(785, 409, 37),
(786, 410, 37),
(787, 411, 37),
(788, 412, 37),
(789, 413, 37),
(790, 414, 37),
(791, 415, 37),
(792, 416, 37),
(793, 417, 37),
(794, 418, 37),
(795, 419, 37),
(796, 420, 37),
(797, 421, 37),
(798, 422, 37),
(799, 423, 37),
(800, 424, 37),
(801, 425, 37),
(802, 426, 37),
(803, 427, 37),
(804, 428, 37),
(805, 429, 37),
(806, 430, 37),
(807, 431, 37),
(808, 432, 37),
(809, 433, 37),
(810, 434, 37),
(811, 435, 37),
(812, 436, 37),
(813, 437, 37),
(814, 438, 37),
(815, 439, 37),
(816, 69, 26),
(817, 69, 31),
(818, 69, 17),
(819, 74, 26),
(820, 74, 17),
(821, 97, 26),
(822, 97, 29),
(823, 97, 17),
(824, 96, 26),
(825, 96, 17),
(826, 75, 26),
(827, 75, 17),
(828, 82, 26),
(829, 82, 17);

-- --------------------------------------------------------

--
-- Table structure for table `events`
--

CREATE TABLE `events` (
  `id` int(11) NOT NULL,
  `name` varchar(50) NOT NULL,
  `active` tinyint(1) NOT NULL DEFAULT '1'
) ENGINE=InnoDB DEFAULT CHARSET=latin1;

--
-- Dumping data for table `events`
--

INSERT INTO `events` (`id`, `name`, `active`) VALUES
(5, 'Vault', 1),
(6, 'Bars', 1),
(7, 'Beam', 1),
(8, 'Floor', 1),
(9, 'Trampoline', 1),
(10, 'Vault/Pommels', 1),
(11, 'Bars/Rings', 1),
(12, 'Tumble Track', 1),
(13, 'Tumbling', 1);

-- --------------------------------------------------------

--
-- Table structure for table `levels`
--

CREATE TABLE `levels` (
  `id` int(11) NOT NULL,
  `level_groups_id` int(11) NOT NULL,
  `level_number` int(11) NOT NULL,
  `active` tinyint(1) NOT NULL DEFAULT '1'
) ENGINE=InnoDB DEFAULT CHARSET=latin1;

--
-- Dumping data for table `levels`
--

INSERT INTO `levels` (`id`, `level_groups_id`, `level_number`, `active`) VALUES
(1, 1, 1, 1),
(2, 1, 2, 1),
(3, 1, 3, 1),
(4, 1, 4, 1),
(5, 1, 5, 1),
(6, 1, 6, 1),
(7, 2, 1, 1),
(8, 2, 2, 1),
(9, 2, 3, 1),
(10, 2, 4, 1),
(11, 2, 5, 1),
(12, 2, 6, 1),
(13, 2, 7, 1),
(14, 2, 8, 1),
(15, 2, 9, 1),
(16, 3, 1, 1),
(17, 3, 2, 1),
(18, 3, 3, 1),
(19, 3, 4, 1),
(20, 3, 5, 1),
(21, 3, 6, 1),
(22, 3, 7, 1),
(23, 3, 8, 1),
(24, 3, 9, 1),
(25, 3, 10, 1),
(26, 4, 1, 1),
(27, 4, 2, 1),
(28, 4, 3, 1),
(29, 4, 4, 1),
(30, 4, 5, 1),
(31, 4, 6, 1),
(32, 4, 7, 1),
(33, 4, 8, 1),
(34, 4, 9, 1),
(35, 4, 10, 1),
(36, 4, 11, 1),
(37, 4, 12, 1),
(38, 4, 13, 1),
(39, 4, 14, 1),
(40, 4, 15, 1),
(41, 4, 16, 1),
(42, 4, 17, 1),
(43, 4, 18, 1),
(44, 5, 1, 1);

-- --------------------------------------------------------

--
-- Table structure for table `level_groups`
--

CREATE TABLE `level_groups` (
  `id` int(11) NOT NULL,
  `name` varchar(80) NOT NULL,
  `active` tinyint(1) NOT NULL DEFAULT '1'
) ENGINE=InnoDB DEFAULT CHARSET=latin1;

--
-- Dumping data for table `level_groups`
--

INSERT INTO `level_groups` (`id`, `name`, `active`) VALUES
(1, 'Kinder', 1),
(2, 'Mens', 1),
(3, 'Tumbling', 1),
(4, 'Womens', 1),
(5, 'Advanced Gymnastics', 1);

-- --------------------------------------------------------

--
-- Table structure for table `report_cards`
--

CREATE TABLE `report_cards` (
  `id` int(11) NOT NULL,
  `submitted_by` int(11) NOT NULL,
  `secondary_coach_id` int(11) DEFAULT NULL,
  `athletes_id` int(11) NOT NULL,
  `levels_id` int(11) NOT NULL,
  `comment` int(11) NOT NULL,
  `day_of_week` enum('SUN','MON','TUE','WED','THU','FRI','SAT','UNSET') NOT NULL,
  `session` enum('WINTER','SPRING','SUMMER','FALL','UNSET') NOT NULL,
  `status` enum('In Progress','Completed','Partial') NOT NULL,
  `approved` int(11) DEFAULT NULL,
  `updated_date` datetime NOT NULL,
  `created_date` datetime NOT NULL
) ENGINE=InnoDB DEFAULT CHARSET=latin1;

--
-- Dumping data for table `report_cards`
--

INSERT INTO `report_cards` (`id`, `submitted_by`, `secondary_coach_id`, `athletes_id`, `levels_id`, `comment`, `day_of_week`, `session`, `status`, `approved`, `updated_date`, `created_date`) VALUES
(40, 1, 2, 1, 16, 5, 'MON', 'FALL', 'Completed', 1, '2019-11-15 00:03:30', '2019-11-14 23:37:22'),
(43, 1, NULL, 1, 17, 6, 'THU', 'FALL', 'Completed', 1, '2019-12-20 00:43:41', '2019-12-19 23:12:44'),
(44, 1, NULL, 1, 26, 8, 'FRI', 'FALL', 'Completed', 1, '2019-12-20 00:44:56', '2019-12-20 00:44:15'),
(50, 1, NULL, 1, 27, 9, 'THU', 'FALL', 'Completed', 1, '2019-12-20 02:12:22', '2019-12-20 02:11:16');

-- --------------------------------------------------------

--
-- Table structure for table `report_cards_comments`
--

CREATE TABLE `report_cards_comments` (
  `id` int(11) NOT NULL,
  `intro_comment_id` int(11) NOT NULL,
  `skill_comment_id` int(11) NOT NULL,
  `event_id` int(11) NOT NULL,
  `skill_id` int(11) NOT NULL,
  `personality_comment_id` int(11) NOT NULL,
  `closing_comment_id` int(11) NOT NULL
) ENGINE=InnoDB DEFAULT CHARSET=latin1;

--
-- Dumping data for table `report_cards_comments`
--

INSERT INTO `report_cards_comments` (`id`, `intro_comment_id`, `skill_comment_id`, `event_id`, `skill_id`, `personality_comment_id`, `closing_comment_id`) VALUES
(5, 5, 4, 12, 291, 10, 3),
(6, 69, 96, 12, 305, 74, 97),
(7, 69, 96, 12, 305, 75, 97),
(8, 70, 93, 6, 420, 87, 101),
(9, 103, 127, 6, 440, 119, 133);

-- --------------------------------------------------------

--
-- Table structure for table `report_cards_components`
--

CREATE TABLE `report_cards_components` (
  `id` int(11) NOT NULL,
  `report_cards_id` int(11) NOT NULL,
  `skills_id` int(11) NOT NULL,
  `rank` enum('UNSET','LEARNING','MASTERED','ASSISTED') NOT NULL DEFAULT 'UNSET'
) ENGINE=InnoDB DEFAULT CHARSET=latin1;

--
-- Dumping data for table `report_cards_components`
--

INSERT INTO `report_cards_components` (`id`, `report_cards_id`, `skills_id`, `rank`) VALUES
(3040, 40, 288, 'MASTERED'),
(3041, 40, 289, 'MASTERED'),
(3042, 40, 290, 'MASTERED'),
(3043, 40, 291, 'MASTERED'),
(3044, 40, 292, 'MASTERED'),
(3045, 40, 293, 'MASTERED'),
(3046, 40, 294, 'MASTERED'),
(3047, 40, 295, 'MASTERED'),
(3048, 40, 296, 'MASTERED'),
(3049, 40, 297, 'MASTERED'),
(3050, 40, 298, 'MASTERED'),
(3051, 40, 299, 'MASTERED'),
(3052, 40, 300, 'MASTERED'),
(3053, 40, 301, 'ASSISTED'),
(3063, 43, 302, 'MASTERED'),
(3064, 43, 303, 'MASTERED'),
(3065, 43, 304, 'MASTERED'),
(3066, 43, 305, 'MASTERED'),
(3067, 43, 306, 'MASTERED'),
(3068, 43, 307, 'MASTERED'),
(3069, 43, 308, 'MASTERED'),
(3070, 43, 309, 'MASTERED'),
(3071, 43, 310, 'MASTERED'),
(3072, 43, 311, 'MASTERED'),
(3073, 43, 312, 'MASTERED'),
(3074, 43, 313, 'MASTERED'),
(3075, 43, 314, 'MASTERED'),
(3076, 43, 315, 'MASTERED'),
(3077, 44, 414, 'MASTERED'),
(3078, 44, 415, 'MASTERED'),
(3079, 44, 416, 'MASTERED'),
(3080, 44, 780, 'MASTERED'),
(3081, 44, 418, 'MASTERED'),
(3082, 44, 419, 'MASTERED'),
(3083, 44, 420, 'MASTERED'),
(3084, 44, 421, 'MASTERED'),
(3085, 44, 422, 'MASTERED'),
(3086, 44, 423, 'MASTERED'),
(3087, 44, 424, 'MASTERED'),
(3088, 44, 425, 'MASTERED'),
(3089, 44, 426, 'MASTERED'),
(3090, 44, 427, 'MASTERED'),
(3091, 44, 428, 'MASTERED'),
(3092, 44, 429, 'MASTERED'),
(3093, 44, 430, 'MASTERED'),
(3094, 44, 431, 'MASTERED'),
(3095, 44, 432, 'MASTERED'),
(3096, 44, 433, 'MASTERED'),
(3197, 50, 434, 'MASTERED'),
(3198, 50, 435, 'MASTERED'),
(3199, 50, 436, 'MASTERED'),
(3200, 50, 437, 'MASTERED'),
(3201, 50, 438, 'MASTERED'),
(3202, 50, 439, 'MASTERED'),
(3203, 50, 440, 'MASTERED'),
(3204, 50, 441, 'MASTERED'),
(3205, 50, 443, 'MASTERED'),
(3206, 50, 444, 'MASTERED'),
(3207, 50, 445, 'MASTERED'),
(3208, 50, 446, 'MASTERED'),
(3209, 50, 447, 'MASTERED'),
(3210, 50, 448, 'MASTERED'),
(3211, 50, 449, 'MASTERED'),
(3212, 50, 450, 'MASTERED'),
(3213, 50, 451, 'MASTERED'),
(3214, 50, 452, 'MASTERED'),
(3215, 50, 453, 'MASTERED'),
(3216, 50, 454, 'MASTERED');

-- --------------------------------------------------------

--
-- Table structure for table `report_cards_mod`
--

CREATE TABLE `report_cards_mod` (
  `id` int(11) NOT NULL,
  `report_cards_id` int(11) NOT NULL,
  `comment_modifications` int(11) NOT NULL
) ENGINE=InnoDB DEFAULT CHARSET=latin1;

-- --------------------------------------------------------

--
-- Table structure for table `report_cards_mod_components`
--

CREATE TABLE `report_cards_mod_components` (
  `id` int(11) NOT NULL,
  `report_cards_components_id` int(11) NOT NULL,
  `suggested_rank` enum('LEARNING','MASTERED','ASSISTED','UNSET') NOT NULL DEFAULT 'UNSET'
) ENGINE=InnoDB DEFAULT CHARSET=latin1;

-- --------------------------------------------------------

--
-- Table structure for table `report_cards_strength_flexibility`
--

CREATE TABLE `report_cards_strength_flexibility` (
  `report_cards_strength_flexibility_id` int(11) NOT NULL,
  `report_cards_id` int(11) NOT NULL,
  `strength_flexibility_id` int(11) NOT NULL,
  `value` int(11) NOT NULL
) ENGINE=InnoDB DEFAULT CHARSET=latin1;

-- --------------------------------------------------------

--
-- Table structure for table `skills`
--

CREATE TABLE `skills` (
  `id` int(11) NOT NULL,
  `levels_id` int(11) NOT NULL,
  `events_id` int(11) NOT NULL,
  `name` varchar(120) NOT NULL,
  `active` tinyint(1) NOT NULL DEFAULT '1'
) ENGINE=InnoDB DEFAULT CHARSET=latin1;

--
-- Dumping data for table `skills`
--

INSERT INTO `skills` (`id`, `levels_id`, `events_id`, `name`, `active`) VALUES
(1, 1, 5, '20m Sprint', 1),
(2, 1, 5, 'Jump to Knees (on knee-height block)', 1),
(3, 1, 5, 'Jump to Motorcycle (off knee-height block)', 1),
(4, 1, 5, 'Hopping on 2 feet', 1),
(5, 1, 6, 'Long Hang', 1),
(6, 1, 6, 'Front Support (A)', 1),
(7, 1, 6, 'Locomotions across Single Bar', 1),
(8, 1, 6, 'Sole Hang (A)', 1),
(9, 1, 7, 'Fwd/Side Walking on Low Beam', 1),
(10, 1, 7, 'Mount onto Low Beam', 1),
(11, 1, 7, 'Stork Stand on Floor (5 sec hold each leg)', 1),
(12, 1, 7, 'Jump dismount from Low Beam to Motorcycle Landing', 1),
(13, 1, 8, 'Straight, Tuck, Pike Straddle Position', 1),
(14, 1, 8, 'Table Top', 1),
(15, 1, 8, 'Front Roll to Sit Down Incline (A)', 1),
(16, 1, 8, 'Lunge', 1),
(17, 1, 9, 'Stop Bounce Motorcycle', 1),
(18, 1, 9, '5 Jumps in a row', 1),
(19, 1, 9, 'Straight Body Fall to back into Pit', 1),
(20, 1, 9, 'Consecutive Jumps down Tumble Track', 1),
(21, 2, 5, 'Chasse', 1),
(22, 2, 5, 'Squat on (Knee Height)', 1),
(23, 2, 5, 'Straddle on (Knee Height)', 1),
(24, 2, 5, 'Jump over small object', 1),
(25, 2, 6, 'Jump to Catch (Single Bar)', 1),
(26, 2, 6, 'Front Support', 1),
(27, 2, 6, 'Bear Walks (across P-Bars)', 1),
(28, 2, 6, 'Sole Hang Touch', 1),
(29, 2, 7, 'Fwd/Side Walking on Low Beam', 1),
(30, 2, 7, 'Walking Backwards on Low Beam (A)', 1),
(31, 2, 7, 'Stork Stand on Low Beam (5 sec each leg)', 1),
(32, 2, 7, 'March over object on Low Beam', 1),
(33, 2, 8, 'Front Support/Rear Support', 1),
(34, 2, 8, 'Prone Fall (from Knees)', 1),
(35, 2, 8, 'Front Roll to Sit (Down Incline)', 1),
(36, 2, 8, 'Back Roll Incline (A)', 1),
(37, 2, 9, '5 Pencil Jumps to Stop Bounce', 1),
(38, 2, 9, 'Tuck Jump/Star Jump', 1),
(39, 2, 9, 'Straight body fall to back onto Resi Mat (with Tig', 1),
(40, 2, 9, 'No Bounce Seat Drop with 2\" Mat', 1),
(41, 3, 5, 'Skipping', 1),
(42, 3, 5, 'Jump onto Knee-Height Block', 1),
(43, 3, 5, 'Prone Fall (from Stand) onto Safety Mat', 1),
(44, 3, 5, 'Front Support to Rear Support', 1),
(45, 3, 6, 'Touch Toes to Bar in Pike', 1),
(46, 3, 6, 'Swing Legs in Front Support', 1),
(47, 3, 6, 'Thread the Needle (A)', 1),
(48, 3, 6, 'Sole Hang', 1),
(49, 3, 7, 'Straddle Sit Mount on Medium Beam', 1),
(50, 3, 7, 'Walking Backwards on Low Beam', 1),
(51, 3, 7, 'Side Dips on Low Beam', 1),
(52, 3, 7, 'Front Kicks on Low Beam', 1),
(53, 3, 8, 'Handstand (Stomach against wall)', 1),
(54, 3, 8, 'Mini Cartwheel over Block (Monkey Jump)', 1),
(55, 3, 8, 'Front Roll to Stand (down incline)', 1),
(56, 3, 8, 'Donkey Kick (Handstand prep)', 1),
(57, 3, 9, '10 Straight Jumps to Stop Bounce', 1),
(58, 3, 9, '1, 2, 3,  turn on Tumble Track', 1),
(59, 3, 9, 'Bouncing Hands & Knees (Tumble Track)', 1),
(60, 3, 9, 'Seat Drop to Stand', 1),
(61, 4, 5, 'Hurdle to 2 Feet', 1),
(62, 4, 5, 'Hands & Knees (onto Vault or 2 Blocks)', 1),
(63, 4, 5, 'Straight Jumps off Beat Board (onto Safety Mat)', 1),
(64, 4, 5, '3 Donkey Kicks (on Block with Beat Board)', 1),
(65, 4, 6, 'Hold Chin at Bar (3 sec)', 1),
(66, 4, 6, '5 Casts (Feet below Bar Height)', 1),
(67, 4, 6, 'Thread the Needle', 1),
(68, 4, 6, 'Front Roll around Bar (A)', 1),
(69, 4, 7, 'Bunny Hops (across Low Beam)', 1),
(70, 4, 7, 'Front Roll on Low Beam (with Expander) (A)', 1),
(71, 4, 7, 'Straight Jump on Low Beam', 1),
(72, 4, 7, 'Dip Kicks on Low Beam', 1),
(73, 4, 8, 'Bridge (A)', 1),
(74, 4, 8, 'Cartwheel (Feet below horizontal) (A)', 1),
(75, 4, 8, 'Back Roll down Incline', 1),
(76, 4, 8, 'Kick to Handstand (Back against Incline)', 1),
(77, 4, 9, 'Jump Routine with 3 Shaped Jumps (Pencil, Tuck, Star)', 1),
(78, 4, 9, 'Jump  Turn', 1),
(79, 4, 9, 'Hand Knee Drop (length of Tumble Track)', 1),
(80, 4, 9, 'Seat Drop to Hand Knee Drop on 2\" Mat', 1),
(81, 5, 5, 'Hurdle to 2 Feet with Arm Circle', 1),
(82, 5, 5, 'Squat On (onto Vault or 2 Blocks)', 1),
(83, 5, 5, 'Straddle On (onto Vault or 2 Blocks)', 1),
(84, 5, 5, '5 Donkey Kicks (onto Vault with Mini Tramp) (A)', 1),
(85, 5, 6, '1 Chin Up (A)', 1),
(86, 5, 6, '5 Casts (with straight arms)', 1),
(87, 5, 6, 'Cross Support on P-Bars', 1),
(88, 5, 6, 'Front Roll around Bar', 1),
(89, 5, 7, 'Jump over object (across length of Beam)', 1),
(90, 5, 7, 'Front Roll on Beam (with Expander)', 1),
(91, 5, 7, 'Chasse on Low Beam', 1),
(92, 5, 7, 'Tuck & Star Dismount', 1),
(93, 5, 8, 'Bridge (with Straight Arms)', 1),
(94, 5, 8, 'Cartwheel (Feet below horizontal)', 1),
(95, 5, 8, 'Straddle Roll/Pike Roll to Stand', 1),
(96, 5, 8, 'Handstand Kisser (Feet above horizontal)', 1),
(97, 5, 9, 'Tuck Jump, Straddle Jump', 1),
(98, 5, 9, 'Jump 1/1 Turn', 1),
(99, 5, 9, 'Seat Drop to Hand Knee Drop', 1),
(100, 5, 9, 'Seat Drop,  Turn to Stand', 1),
(101, 6, 5, 'Hurdle, Straight Jump (onto Block)', 1),
(102, 6, 5, 'Dive Roll (onto Safety Mat)', 1),
(103, 6, 5, 'Handstand Fall to Back into Pit (A)', 1),
(104, 6, 5, '1 Donkey Kick to Horizontal (onto Vault with Mini-Tramp)', 1),
(105, 6, 6, 'Pullover (at Chin Height) (A)', 1),
(106, 6, 6, 'Jump to Front Support, Cast Push Away to Motorcycle', 1),
(107, 6, 6, 'Cross Support Swings on P-Bars (Feet below Bar Height)', 1),
(108, 6, 6, 'Glide Swing on Low Bar/Pike Swing on Rings', 1),
(109, 6, 7, 'Jump  Dismount from Low Beam', 1),
(110, 6, 7, 'Front Roll on Low Beam (A)', 1),
(111, 6, 7, 'Handstand Kisser (with Expander) (A)', 1),
(112, 6, 7, 'Tuck Jump on Low Beam (A)', 1),
(113, 6, 8, 'Bridge (with 1 Leg raised for 5 sec)', 1),
(114, 6, 8, 'Cartwheel (Feet above horizontal)', 1),
(115, 6, 8, 'Back Pike Roll (down Incline) to Front Support', 1),
(116, 6, 8, 'Handstand (land in Lunge)', 1),
(117, 6, 9, 'Donkey Kicks to Handstand (Hands on end Mat) (A)', 1),
(118, 6, 9, 'Pike Jump (Legs to horizontal)', 1),
(119, 6, 9, 'Straddle Jump (Legs to horizontal)', 1),
(120, 6, 9, 'Seat Drop, , Seat Drop', 1),
(121, 7, 10, 'Hopping on 2 feet', 1),
(122, 7, 10, 'Jump to knees (on knee height block)', 1),
(123, 7, 10, '20m Sprint', 1),
(124, 7, 10, 'Jump to Motorcycle landing', 1),
(125, 7, 11, 'Long Hang', 1),
(126, 7, 11, 'Front Support', 1),
(127, 7, 11, '3 Consecutive swings (A)', 1),
(128, 7, 11, 'Sole Hang (A)', 1),
(129, 7, 8, 'Straight, Tuck, Pike, Straddle Positions', 1),
(130, 7, 8, 'Table Top', 1),
(131, 7, 8, 'Lunge', 1),
(132, 7, 8, 'Front Roll to sit on incline (A)', 1),
(133, 7, 9, 'Stop Bounce (Motorcycle)', 1),
(134, 7, 9, 'Straight body fall to back into pit', 1),
(135, 7, 9, '5 Jumps in a row', 1),
(136, 7, 9, 'Consecutive Jumps on Tumble Track', 1),
(137, 8, 10, 'Jump over small objects', 1),
(138, 8, 10, 'Squat on (knee height)', 1),
(139, 8, 10, 'Straddle on (knee height)', 1),
(140, 8, 10, 'Jump onto block (knee height)', 1),
(141, 8, 11, 'Jump and catch (single bar)', 1),
(142, 8, 11, 'Front Roll around bar (A)', 1),
(143, 8, 11, 'Locomotions across single bar', 1),
(144, 8, 11, 'Sole Hang Touch', 1),
(145, 8, 8, 'Front support/Rear support', 1),
(146, 8, 8, 'Prone fall (from knees)', 1),
(147, 8, 8, 'Front roll to sit (down incline)', 1),
(148, 8, 8, 'Back roll (down incline) (A)', 1),
(149, 8, 9, '5 Pencil Jumps to stop bounce', 1),
(150, 8, 9, 'Tuck Jump/Star Jump', 1),
(151, 8, 9, 'Straight body fall to back onto Resi Mat (with tight body)', 1),
(152, 8, 9, 'No bounce Seat drop with 2\" mat', 1),
(153, 9, 10, 'Hurdle to 2 feet', 1),
(154, 9, 10, '3 Donkey Kicks with beat board', 1),
(155, 9, 10, 'Prone Fall from stand (onto safety mat)', 1),
(156, 9, 10, 'Skipping', 1),
(157, 9, 10, 'Forward/Backward 2 foot landings (waist height)', 1),
(158, 9, 11, 'Sole Hang', 1),
(159, 9, 11, 'Touch toes to bar in Pike', 1),
(160, 9, 11, 'Bear Walks (across p-bars)', 1),
(161, 9, 11, 'Thread the Needle (A) (Rings)', 1),
(162, 9, 11, 'Front Roll around bar', 1),
(163, 9, 11, 'Tuck Inverted Hang (A)', 1),
(164, 9, 8, 'Handstand (stomach against incline)', 1),
(165, 9, 8, 'Mini Cartwheel over block (Monkey Jump)', 1),
(166, 9, 8, 'Front Roll to stand (down incline)', 1),
(167, 9, 8, 'Donkey Kick (handstand prep)', 1),
(168, 9, 9, '10 Straight Jumps to Stop Bounce', 1),
(169, 9, 9, '1, 2, 3,  turn on Tumble Track', 1),
(170, 9, 9, 'Bouncing hands & knees on Tumble Track', 1),
(171, 9, 9, 'Seat Drop to stand', 1),
(172, 10, 10, 'Hurdle to 2 feet with arm circle', 1),
(173, 10, 10, 'Straight jump off beat board to safety mat', 1),
(174, 10, 10, 'Hands & knees on vault/table', 1),
(175, 10, 10, 'Front Support to Rear Support', 1),
(176, 10, 10, ' Circles on Mushroom', 1),
(177, 10, 11, 'Cross Support on p-bars (A)', 1),
(178, 10, 11, 'Hold chin at bar (3 sec)', 1),
(179, 10, 11, 'Thread the Needle (Rings)', 1),
(180, 10, 11, 'Pike swing on rings', 1),
(181, 10, 11, 'Swing legs in Front Support', 1),
(182, 10, 11, 'Tuck Inverted Hang', 1),
(183, 10, 8, 'Bridge with straight arms', 1),
(184, 10, 8, 'Mini cartwheel over block (4 count)', 1),
(185, 10, 8, 'Back Roll down incline', 1),
(186, 10, 8, 'Kick to Handstand (back against incline)', 1),
(187, 10, 9, 'Jump routine with 3 shaped jumps (pencil, tuck, star)', 1),
(188, 10, 9, 'Jump  turn', 1),
(189, 10, 9, 'Hand Knee Drop (length of TT)', 1),
(190, 10, 9, 'Seat Drop to Hand Knee Drop on 2\" mat', 1),
(191, 11, 10, '5 Donkey Kicks with mini tramp', 1),
(192, 11, 10, 'Squat On (vault/table)', 1),
(193, 11, 10, 'Straddle on (waist height)', 1),
(194, 11, 10, '3-5 Steps, Hurdle, Straight Jump (onto safety mat)', 1),
(195, 11, 10, 'Front/Rear Support with feet on raised block (5 sec)', 1),
(196, 11, 11, 'Cross support on p-bars (Hold 5 sec)', 1),
(197, 11, 11, 'Cast to push away to Motorcycle landing', 1),
(198, 11, 11, 'Cross Support Swings (feet below bar height)', 1),
(199, 11, 11, 'Pullover (at chin height) (A)', 1),
(200, 11, 11, 'Stride Support', 1),
(201, 11, 11, 'Beat Swings with re-grasp (A)', 1),
(202, 11, 8, 'Bridge, feet on block', 1),
(203, 11, 8, 'Cartwheel (straight legs)', 1),
(204, 11, 8, 'Handstand Kisser (feat above horizontal)', 1),
(205, 11, 8, 'Straddle Roll/Pike Roll to stand', 1),
(206, 11, 9, 'Tuck Jump, Straddle Jump', 1),
(207, 11, 9, 'Seat drop,  turn to stand', 1),
(208, 11, 9, 'Jump 1/1 turn', 1),
(209, 11, 9, 'Donkey Kicks to Handstand (hands on end mat)', 1),
(210, 12, 10, 'Donkey Kicks with mini tramp (feet above horizontal)', 1),
(211, 12, 10, 'Straddle On (vault/table)', 1),
(212, 12, 10, 'Handstand fall to hollow hold (onto safety mat)', 1),
(213, 12, 10, 'Hurdle, Straight Jump onto vault with mini tramp', 1),
(214, 12, 10, 'Front Support, walk feet in circle', 1),
(215, 12, 11, 'Pullover (at chin height)', 1),
(216, 12, 11, '5 Casts in row', 1),
(217, 12, 11, '1 chin up (A)', 1),
(218, 12, 11, 'Cross Support on Rings', 1),
(219, 12, 11, '3 Consecutive Cross Support Swings (feet at bar level)', 1),
(220, 12, 11, 'Beat Swings with re-grasp', 1),
(221, 12, 8, 'Handstand (lunge)', 1),
(222, 12, 8, 'Cartwheel (feet above horizontal)', 1),
(223, 12, 8, 'Back Pike Roll to Front Support (down incline)', 1),
(224, 12, 8, 'Bridge (with 1 leg raised for 5 sec)', 1),
(225, 12, 9, 'Seat drop to Hand Knee Drop', 1),
(226, 12, 9, 'Seat drop,  Seat Drop', 1),
(227, 12, 9, 'Pike Jump (legs horizontal)', 1),
(228, 12, 9, 'Straddle Jump (legs horizontal)', 1),
(229, 13, 10, 'Straddle Over vault with mini tramp', 1),
(230, 13, 10, 'Handstand (HS) \"pop\" on 2\" mat', 1),
(231, 13, 10, 'Dive Roll onto mats', 1),
(232, 13, 10, 'Squat Over vault with mini tramp', 1),
(233, 13, 10, 'Stride Support (both legs, hold 5 sec)', 1),
(234, 13, 11, 'From reverse grip, Jump Forward Roll to Inverted Hang (rings)', 1),
(235, 13, 11, 'From hang, Chin Up Pullover (A)', 1),
(236, 13, 11, '3 Swings to rear dismount (p-bars)', 1),
(237, 13, 11, 'Handstand on Parallettes (A)', 1),
(238, 13, 11, 'Back Hip Circle (A)', 1),
(239, 13, 11, '5 Cross Support Swings to horizontal', 1),
(240, 13, 8, 'Vertical Cartwheel (on a line)', 1),
(241, 13, 8, 'Small Dive Roll (over ankle height object)', 1),
(242, 13, 8, 'Round-off from block, land on stacked safety mats', 1),
(243, 13, 8, 'From stand, fall into Bridge with 2\" mat (A)', 1),
(244, 13, 8, 'Handstand (hold 3 sec)', 1),
(245, 13, 9, 'Hand Knee Drop to Stomach Drop', 1),
(246, 13, 9, '1 Swivel Hip', 1),
(247, 13, 9, 'Consecutive Back Drop bounces (A)', 1),
(248, 13, 9, 'Dive Roll off of TT', 1),
(249, 14, 10, 'From trampoline, preflight to Handstand onto stack mats', 1),
(250, 14, 10, 'Hollow Donkey Kicks to HS vault with mini tamp (A)', 1),
(251, 14, 10, 'From spotting block, Front Hand Spring to feet in pit (A)', 1),
(252, 14, 10, 'Handstand Walking (3 steps)', 1),
(253, 14, 10, 'Front Support to Stride to Rear Support', 1),
(254, 14, 11, 'Jump to Pike/Straddle Under Swing', 1),
(255, 14, 11, 'From hang, Chin up Pullover', 1),
(256, 14, 11, 'Kip Timer', 1),
(257, 14, 11, 'Handstand on Parrallettes', 1),
(258, 14, 11, 'Back Hip Circle', 1),
(259, 14, 11, 'Upper Arm Swing', 1),
(260, 14, 8, 'Handstand Front Roll (A)', 1),
(261, 14, 8, 'From stand, fall into Bridge with 2\" mat', 1),
(262, 14, 8, 'Pike Back Extension (down incline) (A)', 1),
(263, 14, 8, 'Round-Off from block, land on 2\" mat', 1),
(264, 14, 8, 'Bridge Kick Over from block (A)', 1),
(265, 14, 9, 'Routine: Seat Drop, Hand Knee Drop, Stomach Drop', 1),
(266, 14, 9, '3 Swivel Hips', 1),
(267, 14, 9, 'No bounce Back Drop (on 2\" mat)', 1),
(268, 14, 9, 'No bounce, Front Pullover (on 2\" mat)', 1),
(269, 15, 10, 'From tamp, preflight to HS \"pop\" to hollow hold onto mats', 1),
(270, 15, 10, 'Hollow Donkey Kicks to HS on vault with mini tramp (hold 3 sec)', 1),
(271, 15, 10, 'From spotting block, Front Hand Spring to feet in pit', 1),
(272, 15, 10, 'Front Support travel full horse (without handles)', 1),
(273, 15, 11, 'Cast to Pike/Straddle Under Swing', 1),
(274, 15, 11, 'Cast Push away to Long Hang swing', 1),
(275, 15, 11, 'Kip (A)', 1),
(276, 15, 11, 'Long hang swing to 45 degree with  turn', 1),
(277, 15, 11, 'Cross Support in Straddle sit (rings)', 1),
(278, 15, 11, 'Cross Support, forward roll to stand', 1),
(279, 15, 8, 'Handstand Front Roll', 1),
(280, 15, 8, 'Hurdle, Round-off with \"pop\"', 1),
(281, 15, 8, 'Pike Back Extension (down incline)', 1),
(282, 15, 8, 'Handstand fall to Bridge on 2\" mat', 1),
(283, 15, 8, 'Bridge Kick Over from block', 1),
(284, 15, 9, 'Stomach Drop', 1),
(285, 15, 9, '5 Swivel Hips', 1),
(286, 15, 9, 'Back Drop to feet on 2\" mat', 1),
(287, 15, 9, 'Roller (Seat Drop, 1/1 turn to Seat Drop, no feet)', 1),
(288, 16, 9, 'Motorcycle landing', 1),
(289, 16, 9, '10 straight jumps', 1),
(290, 16, 12, 'Tuck Jump', 1),
(291, 16, 12, 'Star Jump', 1),
(292, 16, 13, 'Log roll', 1),
(293, 16, 13, 'Front roll down incline (A)', 1),
(294, 16, 13, 'Back roll down incline (A)', 1),
(295, 16, 13, 'Long jump, step into lunge', 1),
(296, 16, 13, 'Monkey jump', 1),
(297, 16, 13, 'Handstand (stomach against wall)', 1),
(298, 16, 13, 'Handstand concept (lever to needle, return to lunge)', 1),
(299, 16, 13, 'Table top', 1),
(300, 16, 13, 'Bridge concept (A)', 1),
(301, 16, 13, 'Motorcycle landing position', 1),
(302, 17, 9, 'From end mat, donkey kicks to horizontal', 1),
(303, 17, 9, 'Seat drop', 1),
(304, 17, 12, 'Continuous hand knee drops', 1),
(305, 17, 12, '3 jump combination (straight/tuck/star)', 1),
(306, 17, 13, 'Front roll down incline', 1),
(307, 17, 13, 'Straddle front roll down incline', 1),
(308, 17, 13, 'Back roll down incline', 1),
(309, 17, 13, 'Hurdle, from two feet', 1),
(310, 17, 13, 'Cartwheel, legs to horizontal (A)', 1),
(311, 17, 13, 'Handstand kisser (feet to horizontal)', 1),
(312, 17, 13, 'Handstand (back against wall)', 1),
(313, 17, 13, 'Bridge', 1),
(314, 17, 13, 'Fall to bridge & stand up (on 8\" mat) (A)', 1),
(315, 17, 13, 'Prone fall from knees', 1),
(316, 18, 9, 'From end mat, donkey kicks to handstand', 1),
(317, 18, 9, 'Seat drop, hand knee drop', 1),
(318, 18, 12, 'Pike jump', 1),
(319, 18, 12, 'Straddle jump', 1),
(320, 18, 13, 'Front roll on floor', 1),
(321, 18, 13, 'Back roll on floor', 1),
(322, 18, 13, 'Back pike roll down incline, to front support (A)', 1),
(323, 18, 13, 'Hurdle, \"pop\" against wall, land on 8\"', 1),
(324, 18, 13, 'Vertical cartwheel (A)', 1),
(325, 18, 13, 'Handstand kisser (feet above horizontal)', 1),
(326, 18, 13, 'Donkey kick to handstand on box (A)', 1),
(327, 18, 13, 'Bridge, holding 1 leg up (5 sec)', 1),
(328, 18, 13, 'Bridge kickover on rainbow (A)', 1),
(329, 18, 13, 'Straight body fall to back onto resi', 1),
(330, 19, 9, 'Back drop on 8\" safety mat', 1),
(331, 19, 9, 'Stomach drop on 8\" safety mat', 1),
(333, 19, 12, '1, 2, 3, half turn, repeat', 1),
(334, 19, 12, 'Jump to handstand, flat back dismount', 1),
(335, 19, 13, 'Handstand (stomach against wall), front roll (on 2\" mat)', 1),
(336, 19, 13, 'Handstand (back against wall), feet lower to front support', 1),
(337, 19, 13, 'Back pike roll down incline, to front support', 1),
(338, 19, 13, 'Roundoff from box to stomach (on 8\" mat)', 1),
(339, 19, 13, 'Vertical cartwheel', 1),
(340, 19, 13, 'Handstand (landing on a line)', 1),
(341, 19, 13, 'Donkey kick to handstand on box', 1),
(342, 19, 13, 'Bridge (with feet on height) kick over (A)', 1),
(343, 19, 13, 'Fall to bridge & stand up on mat', 1),
(344, 19, 13, 'Jump from spotting block to safety landing', 1),
(345, 20, 9, 'Back drop', 1),
(346, 20, 9, 'Back handspring on in ground tram (A)', 1),
(347, 20, 12, 'Jump, jump, full turn', 1),
(348, 20, 12, 'Straight jump onto incline, front roll down incline', 1),
(349, 20, 13, 'Handstand front roll (A)', 1),
(350, 20, 13, 'Dive roll onto spotting block (A)', 1),
(351, 20, 13, 'Back extension down incline (A)', 1),
(352, 20, 13, 'Roundoff from box to feet (A)', 1),
(353, 20, 13, 'Cartwheel on a line', 1),
(354, 20, 13, 'Handstand (hold 3 sec)', 1),
(355, 20, 13, 'Handstand walk 3 steps', 1),
(356, 20, 13, 'Bridge (with feet on height) kick over', 1),
(357, 20, 13, 'Front limber (A)', 1),
(358, 20, 13, 'Jump  turn from spotting block', 1),
(359, 21, 9, 'Stomach Drop', 1),
(360, 21, 9, 'Back handspring on in ground tramp', 1),
(361, 21, 12, 'Hurdle concept', 1),
(362, 21, 12, 'Dive roll dismount onto resi pit', 1),
(363, 21, 13, 'Handstand front roll', 1),
(364, 21, 13, 'Step, \"punch\" onto block with straight body', 1),
(365, 21, 13, 'Back extension down incline', 1),
(366, 21, 13, 'Roundoff from box to feet', 1),
(367, 21, 13, 'Cartwheel over box', 1),
(368, 21, 13, '5x Front support hops on floor', 1),
(369, 21, 13, 'Handstand \"pop\" on floor', 1),
(370, 21, 13, 'Back walkover (A)', 1),
(371, 21, 13, 'Front limber', 1),
(372, 21, 13, 'Jump 1/1 turn from spotting block', 1),
(374, 22, 9, 'Continuous front roll across TT, without hands', 1),
(375, 22, 9, 'Back handspring on tumble track (A)', 1),
(376, 22, 13, 'Front tuck from spotting block, into pit (A)', 1),
(377, 22, 13, 'Jump to candle position on raised resi pit', 1),
(378, 22, 13, 'Roundoff on floor', 1),
(379, 22, 13, '\"pop\" cartwheel on floor', 1),
(380, 22, 13, 'Handstand, fall to stomach on 8\" safety mat', 1),
(381, 22, 13, 'Back walkover', 1),
(382, 22, 13, 'Front walkover (A)', 1),
(383, 22, 13, 'Tic toc (A)', 1),
(384, 23, 9, 'Front tuck off tumble track (A)', 1),
(385, 23, 9, 'Back handspring on tumble track', 1),
(386, 23, 13, 'Front tuck from spotting block, into pit', 1),
(387, 23, 13, 'BT concept back roll into pit from spotting block', 1),
(388, 23, 13, 'Roundoff onto 8\" mat', 1),
(389, 23, 13, 'Aerial from spotting block (A) into pit', 1),
(390, 23, 13, 'Handstand snap down from block (A)', 1),
(391, 23, 13, 'Back limber', 1),
(392, 23, 13, 'Front walkover', 1),
(393, 23, 13, 'Connection: front roll, cartwheel', 1),
(394, 24, 9, 'Front tuck off tumble track', 1),
(395, 24, 9, 'Back handspring on IG, fall to hollow on 8\" safety mat', 1),
(396, 24, 9, 'Front tuck into pit', 1),
(397, 24, 9, 'Back Tuck (A) into pit', 1),
(398, 24, 9, 'Roundoff punch to flat back', 1),
(399, 24, 9, 'Aerial from spotting block into pit', 1),
(400, 24, 9, 'Handstand snap down, rebound onto block', 1),
(401, 24, 9, 'Back handspring (A)', 1),
(402, 24, 9, 'Front handspring (A)', 1),
(403, 24, 9, 'Connection: cartwheel, back walkover', 1),
(404, 25, 9, 'Front tuck on in groud tramp (A)', 1),
(405, 25, 9, 'Back handspring, pause, back handspring on TT', 1),
(406, 25, 13, 'Front tuck (A) on floor', 1),
(407, 25, 13, 'Back Tuck into pit', 1),
(408, 25, 13, 'Roundoff, pause, back handspring (A)', 1),
(409, 25, 13, 'Aerial (A) on floor', 1),
(410, 25, 13, 'Handstand snap down, back handspring (A)', 1),
(411, 25, 13, 'Back handspring', 1),
(412, 25, 13, 'Front handspring', 1),
(413, 25, 13, 'Connection: front walkover, tic toc, back walkover', 1),
(414, 26, 5, '20m Sprint', 1),
(415, 26, 5, 'Jump to knees (on Knee-Height Block)', 1),
(416, 26, 5, 'Jump to Motorcycle (off Knee-Height Block)', 1),
(417, 26, 5, 'cartwheell', 0),
(418, 26, 6, 'Long Hang', 1),
(419, 26, 6, 'Front Support (A)', 1),
(420, 26, 6, 'Locomotions across Single Bar', 1),
(421, 26, 6, 'Sole Hang (A)', 1),
(422, 26, 7, 'Fwd/Side Walking on Low Beam (A)', 1),
(423, 26, 7, 'Mount onto Low Beam', 1),
(424, 26, 7, 'Stork Stand on Floor (5 sec hold per Leg)', 1),
(425, 26, 7, 'Jump dismount from Low Beam to Motorcycle Landing', 1),
(426, 26, 8, 'Straight, Tuck, Pike, Straddle Position', 1),
(427, 26, 8, 'Table Top', 1),
(428, 26, 8, 'Front Roll to Sit down incline (A)', 1),
(429, 26, 8, 'Lunge', 1),
(430, 26, 9, 'Stop Bounce Motorcycle', 1),
(431, 26, 9, '5 Jumps in a row', 1),
(432, 26, 9, 'Straight Body Fall to Back into Pit', 1),
(433, 26, 9, 'Consecutive Jumps down Tumble Track', 1),
(434, 27, 5, 'Chasse', 1),
(435, 27, 5, 'Squat on (Knee-Height)', 1),
(436, 27, 5, 'Straddle on (Knee-Height)', 1),
(437, 27, 5, 'Jump over small objects', 1),
(438, 27, 6, 'Jump to Catch (Single Bar)', 1),
(439, 27, 6, 'Front Support', 1),
(440, 27, 6, 'Bear Walks (across P-Bars)', 1),
(441, 27, 6, 'Sole Hang Touch', 1),
(443, 27, 7, 'Fwd/Side Walking on Low Beam', 1),
(444, 27, 7, 'Walking Backwards on Low Beam (A)', 1),
(445, 27, 7, 'Stork Stand on Low Beam (5 sec per Leg)', 1),
(446, 27, 7, 'March over objects on Low Beam', 1),
(447, 27, 8, 'Front Support/Rear Support', 1),
(448, 27, 8, 'Prone Fall (from Knees)', 1),
(449, 27, 8, 'Front Roll to Sit (down incline)', 1),
(450, 27, 8, 'Back Roll (down incline) (A)', 1),
(451, 27, 9, '5 Pencil Jumps to Stop Bounce', 1),
(452, 27, 9, 'Tuck Jump/Star Jump', 1),
(453, 27, 9, 'Straight Body Fall to Back onto Resi Mat (with Tight Body)', 1),
(454, 27, 9, 'No Bounce Seat Drop with 2\" Mat', 1),
(455, 28, 5, 'Skipping', 1),
(456, 28, 5, 'Jump onto Knee-Height Block', 1),
(457, 28, 5, 'Prone Fall (from Stand) onto Safety Mat', 1),
(458, 28, 5, 'Front Support to Rear Support', 1),
(459, 28, 6, 'Touch Toes to Bar in Pike', 1),
(460, 28, 6, 'Swing Legs in Front Support', 1),
(461, 28, 6, 'Thread the Needle (A)', 1),
(462, 28, 6, 'Sole Hang', 1),
(463, 28, 7, 'Straddle Sit Mount on Medium Beam', 1),
(464, 28, 7, 'Walking Backwards on Low Beam', 1),
(465, 28, 7, 'Side Dips on Low Beam', 1),
(466, 28, 7, 'Front Kicks on Low Beam', 1),
(467, 28, 8, 'Handstand (Stomach against wall)', 1),
(468, 28, 8, 'Mini Cartwheel over Block (Monkey Jump)', 1),
(469, 28, 8, 'Front Roll to Stand (down incline)', 1),
(470, 28, 8, 'Donkey Kick (Handstand prep)', 1),
(471, 28, 9, '10 Straight Jumps to Stop Bounce', 1),
(472, 28, 9, '1, 2, 3,  Turn on Tumble Track', 1),
(473, 28, 9, 'Bouncing Hands & Knees (Tumble Track)', 1),
(474, 28, 9, 'Seat Drop to Stand', 1),
(475, 29, 5, 'Hurdle to 2 Feet', 1),
(476, 29, 5, 'Hands & Knees onto Vault or 2 Blocks', 1),
(477, 29, 5, 'Straight Jump off Beat Board (onto Safety Mat)', 1),
(478, 29, 5, '3 Donkey Kicks (on Block with Beat Board)', 1),
(479, 29, 6, 'Hold Chin at Bar (3 sec)', 1),
(480, 29, 6, '5 Casts (Feet below Bar Height)', 1),
(481, 29, 6, 'Thread the Needle', 1),
(482, 29, 6, 'Front Roll around Bar (A)', 1),
(483, 29, 7, 'Bunny Hops (across Low Beam)', 1),
(484, 29, 7, 'Front Roll on Low Beam (with Expander) (A)', 1),
(485, 29, 7, 'Straight Jump on Low Beam', 1),
(486, 29, 7, 'Dip Kicks on Low Beam', 1),
(487, 29, 8, 'Bridge (A)', 1),
(488, 29, 8, 'Cartwheel (Feet below horizontal) (A)', 1),
(489, 29, 8, 'Back Roll (down incline)', 1),
(490, 29, 8, 'Kick to Handstand (Back against incline)', 1),
(491, 29, 9, 'Jump Routine with 3 Shaped Jumps (Pencil, Tuck, Star)', 1),
(492, 29, 9, 'Jump  Turn', 1),
(493, 29, 9, 'Hand Knee Drop (length of Tumble Track)', 1),
(494, 29, 9, 'Seat Drop to Hand Knee Drop on 2\" Mat', 1),
(495, 30, 5, 'Hurdle to 2 Feet with Arm Circle', 1),
(496, 30, 5, 'Squat On (onto Vault or 2 Blocks)', 1),
(497, 30, 5, 'Straddle On (onto Vault or 2 Blocks)', 1),
(498, 30, 5, '5 Donkey Kicks (onto Vault with Mini-Tramp) (A)', 1),
(499, 30, 6, '1 Chin Up (A)', 1),
(500, 30, 6, '5 Casts (with Straight Arms)', 1),
(501, 30, 6, 'Cross Support on P-Bars', 1),
(502, 30, 6, 'Front Roll around Bar', 1),
(503, 30, 7, 'Jump over object (across length of Beam)', 1),
(504, 30, 7, 'Front Roll on Beam (with Expander)', 1),
(505, 30, 7, 'Chase on Low Beam', 1),
(506, 30, 7, 'Tuck & Star Dismount', 1),
(507, 30, 8, 'Bridge (with Straight Arms)', 1),
(508, 30, 8, 'Cartwheel (Feet below horizontal)', 1),
(509, 30, 8, 'Straddle Roll/Pike Roll to Stand', 1),
(510, 30, 8, 'Handstand Kisser (Feet above horizontal)', 1),
(511, 30, 9, 'Tuck Jump, Straddle Jump', 1),
(512, 30, 9, 'Jump 1/1 turn', 1),
(513, 30, 9, 'Seat Drop to Hand Knee Drop', 1),
(514, 30, 9, 'Seat Drop,  Turn to Stand', 1),
(515, 31, 5, 'Hurdle, Straight Jump (onto Block)', 1),
(516, 31, 5, 'Dive Roll (onto Safety Mat)', 1),
(517, 31, 5, 'Handstand Fall to Back into Pit (A)', 1),
(518, 31, 5, '1 Donkey Kick to horizontal (onto Vault with Mini-Tramp)', 1),
(519, 31, 6, 'Pullover (at Chin Height) (A)', 1),
(520, 31, 6, 'Jump to Front Support, Cast Push Away to Motorcycle', 1),
(521, 31, 6, 'Cross Support Swings on P-Bars (Feet below Bar Height)', 1),
(522, 31, 6, 'Glide Swing on Low Bar/Pike Swing on Rings', 1),
(523, 31, 7, 'Jump  Dismount from Low Beam', 1),
(524, 31, 7, 'Front Roll on Low Beam (A)', 1),
(525, 31, 7, 'Handstand Kisser (with Expander) (A)', 1),
(526, 31, 7, 'Tuck Jump on Low Beam (A)', 1),
(527, 31, 8, 'Bridge (with 1 Leg raised for 5 sec)', 1),
(528, 31, 8, 'Cartwheel (Feet above horizontal)', 1),
(529, 31, 8, 'Back Pike Roll (down incline) to Front Support', 1),
(530, 31, 8, 'Handstand (land in Lunge)', 1),
(531, 31, 9, 'Donkey Kicks to Handstand (Hands on End Mat) (A)', 1),
(532, 31, 9, 'Pike Jump (Legs to horizontal)', 1),
(533, 31, 9, 'Straddle Jump (Legs to horizontal)', 1),
(534, 31, 9, 'Seat Drop, , Seat Drop', 1),
(535, 32, 5, 'Straddle Over (2 blocks)', 1),
(536, 32, 5, '5 Front Support \"pops\" on floor', 1),
(537, 32, 5, 'Handstand fall to hollow hold (onto safety mat)', 1),
(538, 32, 5, 'Rebounding (over a series of blocks)', 1),
(539, 32, 6, 'Pullover (at chin height with block)', 1),
(540, 32, 6, '5 Casts (with feet at bar height)', 1),
(541, 32, 6, 'Beat Swing (with re-grasp)', 1),
(542, 32, 6, 'Climb to Tuck On/Straddle On (floor bar)', 1),
(543, 32, 7, 'Pivot Turn on low beam (hold 1 sec)', 1),
(544, 32, 7, 'Front Roll on low beam', 1),
(545, 32, 7, 'Handstand Kisser (with expander)', 1),
(546, 32, 7, '3 Step to \"punch\" dismount', 1),
(547, 32, 8, 'Round-off from block to stomach (on safety mats)', 1),
(548, 32, 8, 'Handstand (stomach against incline), Front Roll (on 2\" mat)', 1),
(549, 32, 8, 'Vertical Cartwheel (on a line)', 1),
(550, 32, 8, 'Handstand (hold 3 sec)', 1),
(551, 32, 9, 'Hand Knee Drop to Stomach Drop', 1),
(552, 32, 9, '1 Swivel Hip', 1),
(553, 32, 9, 'Consecutive Back Drop bounces (A)', 1),
(554, 32, 9, 'Front Roll on Tumble Track', 1),
(555, 33, 5, 'Straddle Over (vault with mini tramp) (A)', 1),
(556, 33, 5, '1 Hollow Donkey Kick (feet above horizontal) with mini tramp', 1),
(557, 33, 5, 'Handstand Walking (4 steps)', 1),
(558, 33, 5, 'Handstand \"pop\" (on 2\" mat) (A)', 1),
(559, 33, 6, 'Pullover (at chin height)', 1),
(560, 33, 6, 'Small Long Swing (with rear dismount landing)', 1),
(561, 33, 6, '3 Casts, Back Hip Circle (A)', 1),
(562, 33, 6, 'Jump to Straddle On (floor bar)', 1),
(563, 33, 7, ' turn prep, with step-present landing on low beam', 1),
(564, 33, 7, 'Straight Jump/Tuck Jump on medium beam', 1),
(565, 33, 7, 'Cartwheel on low beam with expander) (A)', 1),
(566, 33, 7, 'Round-off dismount from low beam (with expander) (A)', 1),
(567, 33, 8, 'From stand, fall into Bridge (onto 2\" mat) (A)', 1),
(568, 33, 8, 'Pike Back Extension (down incline) (A)', 1),
(569, 33, 8, 'Round-off from block (land on 2\" mat)', 1),
(570, 33, 8, 'Handstand Front Roll (A)', 1),
(571, 33, 9, 'Stomach Drop (on 2\" mat)', 1),
(572, 33, 9, '3 Swivel Hips', 1),
(573, 33, 9, 'No bounce Back Drop (on 2\" mat)', 1),
(574, 33, 9, 'Dive Roll (from Tumble Track to Resi Mat)', 1),
(575, 34, 5, '3 Consecutive Straddle Overs (over blocks)', 1),
(576, 34, 5, 'Step off block, punch on beat board, return to block', 1),
(577, 34, 5, 'Handstand on floor, \"pop\" to hollow hold on safety mat', 1),
(578, 34, 5, '1 line of Hollow Log Rolls (without hands or feet on floor)', 1),
(579, 34, 6, 'Casts to horizontal with rear dismount (A)', 1),
(580, 34, 6, '3 Long Swing Re-grasps', 1),
(581, 34, 6, '3 Casts, Back Hip Circle', 1),
(582, 34, 6, 'Tuck/Straddle hold (on floor bar), stand and reach for low bar', 1),
(583, 34, 7, ' turn on low beam, with step-present landing (A)', 1),
(584, 34, 7, 'Changement on low beam', 1),
(585, 34, 7, 'Cartwheel on low beam (with expander)', 1),
(586, 34, 7, 'Round-off dismount from low beam (with expander)', 1),
(587, 34, 8, 'Bridge Kick Over (from block) (A)', 1),
(588, 34, 8, 'Pike Back Extension (down incline)', 1),
(589, 34, 8, 'Round-off \"pop\" from block (land on 2\" mat)', 1),
(590, 34, 8, 'Handstand fall to Bridge (on 2\" mat)', 1),
(591, 34, 9, 'Stomach Drop', 1),
(592, 34, 9, '5 Swivel Hips', 1),
(593, 34, 9, 'Back Drop to feet (on 2\" mat) (A)', 1),
(594, 34, 9, 'From tramp, Dive Roll down incline (A)', 1),
(595, 35, 5, 'Straddle Over (on vault with mini tramp)', 1),
(596, 35, 5, 'From trampoline, preflight to Handstand (onto stacked mats) (A)', 1),
(597, 35, 5, 'Hollow Donkey Kick to Handstand (on vault with mini tramp) (A)', 1),
(598, 35, 5, 'From spotting block, Front Handspring to feet in pit (A)', 1),
(599, 35, 6, 'Cast to horizontal, return to bar (A)', 1),
(600, 35, 6, 'Long Hang,  turn, initiate Long Swing (A)', 1),
(601, 35, 6, '1 Cast, Back Hip Circle', 1),
(602, 35, 6, 'Jump to Tuck On (floor bar), hold 3 sec', 1),
(603, 35, 7, ' turn on low beam, with step-present landing', 1),
(604, 35, 7, 'Handstand Kisser on low beam (A)', 1),
(605, 35, 7, 'Cartwheel on low beam (A)', 1),
(606, 35, 7, 'Round-off dismount from medium beam (with expander) (A)', 1),
(607, 35, 8, 'From stand, fall to Bridge (with 2\" mat)', 1),
(608, 35, 8, 'Cat leap/Scissor Kick', 1),
(609, 35, 8, 'Hurdle, Round-off with \"pop\"', 1),
(610, 35, 8, 'Handstand fall to Bridge down incline, pause, stand up (A)', 1),
(611, 35, 9, 'Roller (Seat Drop, 1/1 turn to Seat Drop, without feet)', 1),
(612, 35, 9, 'Routine: Seat drop, Hand Knee Drop, Stomach Drop', 1),
(613, 35, 9, 'Back Drop to feet', 1),
(614, 35, 9, 'From tramp, Dive Roll down incline', 1),
(615, 36, 5, 'Hurdle, Straight Jump from mini tramp onto vault/table top (A)', 1),
(616, 36, 5, 'From trampoline, preflight to Handstand, fall to back on mats', 1),
(617, 36, 5, 'Donkey Kick to Handstand on vault with mini tramp (hold 3 sec)', 1),
(618, 36, 5, 'From spotting block, Front Handspring to feet in pit', 1),
(619, 36, 6, '3 Straddle Sole Swing to toe off dismount into pit', 1),
(620, 36, 6, 'Long Hang,  turn, initiate Long Swing', 1),
(621, 36, 6, 'Pullover connected to Cast, Back Hip Circle (A)', 1),
(622, 36, 6, 'Jump to Straddle On (floor bar), fall to Straddle Sit on safety mat', 1),
(623, 36, 7, ' turn, step-pivot turn, present (A)', 1),
(624, 36, 7, 'Handstand Kisser on low beam', 1),
(625, 36, 7, 'Cartwheel on low beam', 1),
(626, 36, 7, 'Round-off dismount from medium beam (with expander)', 1),
(627, 36, 8, 'Bridge Kick Over (from block)', 1),
(628, 36, 8, 'Chasse, Cat leap, Scissor Kick (connected)', 1),
(629, 36, 8, 'Hurdle, Round-off, punch to Tuck Jump/Straddle Jump', 1),
(630, 36, 8, 'Handstand fall to Bridge down incline, pause, stand up', 1),
(631, 36, 9, 'Jump  turn to Hand Knee Drop to Stomach Drop (on 2\" mat)', 1),
(632, 36, 9, 'Seat drop to Stomach Drop (no feet)', 1),
(633, 36, 9, 'Back Drop,  turn to feet', 1),
(634, 36, 9, 'From tramp, Dive Roll down incline', 1),
(635, 37, 5, 'Hurdle, Straight Jump from mini tramp onto vault/table top', 1),
(636, 37, 5, 'From trampoline, preflight to Handstand, \"pop\" to hollow hold on mats', 1),
(637, 37, 5, 'Front Handspring on vault, to back on stacked mats with mini tramp (A)', 1),
(638, 37, 5, 'Handstand Walking (4 steps froward & backward)', 1),
(639, 37, 6, '3 Straddle Sole Swings to toe off dismount on low bar', 1),
(640, 37, 6, 'Long Swing,  turn, Long Swing (A)', 1),
(641, 37, 6, 'Pullover connected to Cast, Back Hip Circle', 1),
(642, 37, 6, 'Jump to Tuck On (floor bar), stand and hold 3 sec', 1),
(643, 37, 7, ' turn, step-pivot turn, present', 1),
(644, 37, 7, 'Back Shoulder Roll (with expander) (A)', 1),
(645, 37, 7, 'Handstand on low beam (hold 1 sec)', 1),
(646, 37, 7, 'Round-off dismount from medium beam (A)', 1),
(647, 37, 8, 'From stand, fall into Bridge with 1 leg up (on 2 mat) (A)', 1),
(648, 37, 8, 'Hurdle, jump 1/1 turn', 1),
(649, 37, 8, 'From block, Round-off snap down, fall to hollow body on safety mat', 1),
(650, 37, 8, 'Handstand fall to Bridge on 2\" mat, pause, stand up (A)', 1),
(651, 37, 9, 'Jump  turn to Hand Knee Drop to Stomach Drop', 1),
(652, 37, 9, 'Stomach Drop to Seat Drop (no feet)', 1),
(653, 37, 9, ' turn to Back Drop (no feet)', 1),
(654, 37, 9, 'No bounce, Front Pullover (on 2\" mat)', 1),
(655, 38, 5, 'Straight Jump onto table top with aero board (A) (table height = 100)', 1),
(656, 38, 5, 'Front Handspring on vault, to back on stacked mats with mini tramp', 1),
(657, 38, 5, 'Handstand Walking ( length of floor)', 1),
(658, 38, 5, 'From table top, Handstand arch off onto feet (A)', 1),
(659, 38, 6, 'Jump Straddle Sole Swing to toe off dismount on low bar', 1),
(660, 38, 6, 'Long Swing,  turn, Long Swing', 1),
(661, 38, 6, 'Long Hang Pullover (on pit bar) (A)', 1),
(662, 38, 6, 'Cast to Long Swing (on pit bar) (A)', 1),
(663, 38, 7, '1/1 turn, step-present landing on floor (A)', 1),
(664, 38, 7, 'Back Shoulder Roll on low beam (with exp)', 1),
(665, 38, 7, 'Cartwheel on medium beam (A)', 1),
(666, 38, 7, 'Round-off dismount with \"pop\" from medium beam (A)', 1),
(667, 38, 8, 'Back Walk Over (A)', 1),
(668, 38, 8, 'Press to Handstand from straddle stand against incline', 1),
(669, 38, 8, 'Hurdle, punch from aero board, Dive Roll onto shoulder height stacked mats (A)', 1),
(670, 38, 8, 'Front Limber (A)', 1),
(671, 38, 9, ' Airplace ( turn to Stomach Drop) (on 2\" mat)', 1),
(672, 38, 9, 'Stomach Drop to Back Drop in Tuck (no feet)', 1),
(673, 38, 9, 'Back Drop,  turn to feet, Back Drop (2\" mat)', 1),
(674, 38, 9, 'Stomach Drop,  turn to Hand Knee Drop  turn to Stomach Drop (on 2\" mat)', 1),
(675, 39, 5, 'Straight Jump onto table top with aero board (table height = 100)', 1),
(676, 39, 5, 'Front Handspring on vault, to feet with mini tramp (A)', 1),
(677, 39, 5, 'Handstand  Pirouette across floor line (A)', 1),
(678, 39, 5, 'From table top, Handstand arch off onto feet', 1),
(679, 39, 6, 'Cast to Straddle under Swing dismount (on pit bar) (A)', 1),
(680, 39, 6, 'Long Swing,  turn dismount (A)', 1),
(681, 39, 6, 'Long Hang Pullover (on pit bar)', 1),
(682, 39, 6, 'Cast to Long Swing (on pit bar)', 1),
(683, 39, 7, '1/1 turn, step-present landing on floor', 1),
(684, 39, 7, 'Handstand on medium beam (hold 1 sec)', 1),
(685, 39, 7, 'Cartwheel on medium beam', 1),
(686, 39, 7, 'Round-off dismount with \"pop\" from medium beam', 1),
(687, 39, 8, 'Back Walk Over', 1),
(688, 39, 8, 'Press to Handstand from straddle stand (A)', 1),
(689, 39, 8, 'Hurdle, punch from aero board, Dive Roll onto shoulder height stacked mats', 1),
(690, 39, 8, 'Front Limber', 1),
(691, 39, 9, '1/1 Airplane (1/1 turn to Back Drop) (on 2\" mat)', 1),
(692, 39, 9, 'Stomach Drop to Back Drop in Pike (on feet)', 1),
(693, 39, 9, 'Cradle (Back Drop,  turn to Back Drop)', 1),
(694, 39, 9, 'Turn Table (Stomach Drop,  turn to Stomach Drop) (on 2\" mat)', 1),
(695, 40, 5, 'Straight Jump onto table top with aero board (A) (table height = 105)', 1),
(696, 40, 5, 'Front Handspring on vault, to feet with mini tramp', 1),
(697, 40, 5, 'Handstand  Pirouette across floor line', 1),
(698, 40, 5, 'From table top, standing Front Handspring to feet (A)', 1),
(699, 40, 6, 'Cast to Straddle Under Swing dismount (on pit bar)', 1),
(700, 40, 6, 'Long Swing,  turn dismount', 1),
(701, 40, 6, 'Front Support, climb into Tuck/Straddle (on low bar), jump to safety mat (A)', 1),
(702, 40, 6, 'Kick to Handstand on floor bar (A)', 1),
(703, 40, 7, '1/1 turn, step-present landing on low beam (A)', 1),
(704, 40, 7, 'Handstand on high beam (hold 1 sec)', 1),
(705, 40, 7, 'Tic Toc on floor line (A)', 1),
(706, 40, 7, 'Back Walk Over on floor beam (A)', 1),
(707, 40, 8, 'Back Limber (down incline) (A)', 1),
(708, 40, 8, 'Back Handspring to Front Support using \"pacman\"', 1),
(709, 40, 8, 'Carwheel, Back Walk Over connected (A)', 1),
(710, 40, 8, 'Front Walk Over (down incline) (A)', 1),
(711, 40, 9, 'Front Pullover (A)', 1),
(712, 40, 9, 'Back Drop to Hand Knee Drop, to Stomach Drop (on 2\" mat without feet)', 1),
(713, 40, 9, 'Back Drop to feet, Jump 1/1 turn', 1),
(714, 40, 9, 'Routine: Straddle Jump, Swivel Hip, Roller', 1),
(715, 41, 5, 'Straight Jump onto table top with aero board (table height = 105)', 1),
(716, 41, 5, 'Approach, Donkey Kick to Handstand on table top with aero board (A) (table height = 105)', 1),
(717, 41, 5, 'Handstand  Pirouette across floor line, fall to stomach on safety mat (A)', 1),
(718, 41, 5, 'From table top, standing Front Handspring to feet', 1),
(719, 41, 6, 'Cast Straddle Under Swing dismount (from low bar, onto safety mat)', 1),
(720, 41, 6, 'Long Swing Pullover (on pit bar) (A)', 1),
(721, 41, 6, 'Front Support, climb into Tuck/Straddle (on low bar), jump to safety mat', 1),
(722, 41, 6, 'Kick to Handstand on floor bar', 1),
(723, 41, 7, '1/1 turn, step-present landing on low beam', 1),
(724, 41, 7, 'Jump to Straddle Handstand, lower to straddle stand on low beam (A)', 1),
(725, 41, 7, 'Tic Toc on floor line', 1),
(726, 41, 7, 'Back Walk Over on floor beam', 1),
(727, 41, 8, 'Back Limber (A)', 1),
(728, 41, 8, 'Back Handspring to stomach (from TT, onto safety mat) (A)', 1),
(729, 41, 8, 'Cartwheel, Back Walk Over connected', 1),
(730, 41, 8, 'Front Walk Over (A)', 1),
(731, 41, 9, 'Front Pullover', 1),
(732, 41, 9, 'Back Drop to Stomach Drop in Tuck (on 2\" mat without feet)', 1),
(733, 41, 9, 'Back Drop, 1/1 turn to feet', 1),
(734, 41, 9, 'Routine: Pike Jump. Roller. Stomach Drop to feet', 1),
(735, 42, 5, 'Straight Jump to table top with aero board (table height = 110), Fly Spring to back on stacked mats ', 1),
(736, 42, 5, 'Approach, Donkey Kick to Handstand on table top with aero board (A) (table height = 110)', 1),
(737, 42, 5, 'Handstand  Pirouette across floor line, fall to stomach on safety mat', 1),
(738, 42, 5, 'From TT, Fly Spring (over 1 block, to back on safety mat) (A)', 1),
(739, 42, 6, 'Low Bar Routine: Pullover, Cast, Back Hip Circle (BHC), Straddle Under Swing Dismount', 1),
(740, 42, 6, 'Long Swing Pullover (on pit bar)', 1),
(741, 42, 6, 'Climb into Tuck / Straddle (on low bar), reach for high bar, to Long Swing (A)', 1),
(742, 42, 6, 'Kick to Handstand fall to back on floor bar (A)', 1),
(743, 42, 7, 'Cat Leap (knees hip height) on low beam', 1),
(744, 42, 7, 'Jump, Press to Handstand on low beam, land on feet on floor (A)', 1),
(745, 42, 7, 'Tic Toc on floor beam (A)', 1),
(746, 42, 7, 'Front Walk Over on floor beam (A)', 1),
(747, 42, 8, 'Back Limber', 1),
(748, 42, 8, 'Back Handspring to stomach (from TT, onto safety mat)', 1),
(749, 42, 8, 'Tic Toc, holding 1 leg vertical (A)', 1),
(750, 42, 8, 'Front Walk Over', 1),
(751, 42, 9, ' Front Tuck from trampoline to waist height stacked mats (A)', 1),
(752, 42, 9, 'Back Drop to Stomach Drop in Pike (on 2 mat without feet)', 1),
(753, 42, 9, 'Back Drop,  turn to Hand Knee Drop,  turn to Back Drop', 1),
(754, 42, 9, 'Routine: Stomach Drop,  turn to feet, Back Drop  turn to feet', 1),
(755, 43, 5, 'Straight Jump onto table top with aero board (table height = 110), Fly Spring to back on stacked mats', 1),
(756, 43, 5, 'Front Handspring on table top, to back on stacked mats with aero board (A) (table height = 110)', 1),
(757, 43, 5, ' On, to stomach, with aero board onto 2 safety mats (A)', 1),
(758, 43, 5, 'From TT, Fly Spring (over 1 block, to back on safety mat)', 1),
(759, 43, 6, 'Low Bar Routine: Pullover, Cast to horizontal, Back Hip Circle, Straddle Under Swing dismount', 1),
(760, 43, 6, 'Cast, Long Swing Pullover (on pit bar) (A)', 1),
(761, 43, 6, 'Cast Tuck / Straddle On, jump to safety mat (A)', 1),
(762, 43, 6, 'Kick to Handstand fall to back on floor bar', 1),
(763, 43, 7, 'Scissor Kick (legs hip height) on low beam', 1),
(764, 43, 7, 'Jump, Press to Handstand, lower to straddle stand on low beam (A)', 1),
(765, 43, 7, 'Tic Toc on floor beam', 1),
(766, 43, 7, 'Front Walk Over on floor beam', 1),
(767, 43, 8, 'Handstand 1/1 Pirouette (A)', 1),
(768, 43, 8, 'Back Handspring to feet (down incline) (A)', 1),
(769, 43, 8, 'Tic Toc, holding 1 leg vertical', 1),
(770, 43, 8, 'Front Handspring with pop from 1 block onto 2 mat (A)', 1),
(771, 43, 9, 'Front Tuck dismount onto safety mat in pit (A)', 1),
(772, 43, 9, 'Back Pullover to Hand Knee Drop (on 2 mat) (A)', 1),
(773, 43, 9, 'Cat Twist (Back Drop, 1/1 turn to Back Drop)', 1),
(774, 43, 9, 'Routine: Seat Drop to Stomach Drop to feet, Airplane', 1),
(775, 22, 12, 'Something', 1),
(776, 23, 12, 'Something', 1),
(777, 24, 12, 'something', 1),
(778, 24, 13, 'This must be wrong because there must be some tumbling', 1),
(779, 25, 12, 'something', 1),
(780, 26, 5, 'carwheeel', 1);

-- --------------------------------------------------------

--
-- Table structure for table `status_emails_sent`
--

CREATE TABLE `status_emails_sent` (
  `id` int(11) NOT NULL,
  `report_cards_id` int(11) NOT NULL,
  `status_sent` enum('READY_FOR_APPROVAL','APPROVED','DENIED','') NOT NULL
) ENGINE=InnoDB DEFAULT CHARSET=latin1;

--
-- Dumping data for table `status_emails_sent`
--

INSERT INTO `status_emails_sent` (`id`, `report_cards_id`, `status_sent`) VALUES
(1, 1, 'APPROVED'),
(2, 2, 'APPROVED');

-- --------------------------------------------------------

--
-- Table structure for table `users`
--

CREATE TABLE `users` (
  `id` int(11) NOT NULL,
  `password_hash` varchar(100) NOT NULL,
  `email` varchar(100) NOT NULL,
  `first_name` varchar(50) NOT NULL,
  `last_name` varchar(50) NOT NULL,
  `access` enum('ADMIN','SUPERVISOR','COACH','') NOT NULL DEFAULT 'COACH',
  `active` tinyint(1) NOT NULL DEFAULT '1'
) ENGINE=InnoDB DEFAULT CHARSET=latin1;

--
-- Dumping data for table `users`
--

INSERT INTO `users` (`id`, `password_hash`, `email`, `first_name`, `last_name`, `access`, `active`) VALUES
(1, '$2y$10$6AfGI0PuUJY3/rqdtwW2j.q2jDnb4sRMEzXIFyyNwJJ4OpVzqVBn6', 'michaelzeuner1996@gmail.com', 'Ad', 'Min', 'ADMIN', 1),
(2, '$2y$10$RzGkKjGiQqeLY9LLEugWyu77B5WwSZWR/WofnS4Zx9PkSNa0wL7Xm', 'supervisor@gmail.com', 'Super', 'Visor', 'SUPERVISOR', 1),
(3, '$2y$10$Cmyxk8yh0czrMBHMumpAcOImWv2/SVfb1/9Cz5tbVL8nHTEFLiKXq', 'coach@gmail.com', 'User', 'Coach', 'COACH', 1);

--
-- Indexes for dumped tables
--

--
-- Indexes for table `athletes`
--
ALTER TABLE `athletes`
  ADD PRIMARY KEY (`id`);

--
-- Indexes for table `comments`
--
ALTER TABLE `comments`
  ADD PRIMARY KEY (`id`);

--
-- Indexes for table `comment_levels`
--
ALTER TABLE `comment_levels`
  ADD PRIMARY KEY (`id`);

--
-- Indexes for table `events`
--
ALTER TABLE `events`
  ADD PRIMARY KEY (`id`);

--
-- Indexes for table `levels`
--
ALTER TABLE `levels`
  ADD PRIMARY KEY (`id`);

--
-- Indexes for table `level_groups`
--
ALTER TABLE `level_groups`
  ADD PRIMARY KEY (`id`);

--
-- Indexes for table `report_cards`
--
ALTER TABLE `report_cards`
  ADD PRIMARY KEY (`id`);

--
-- Indexes for table `report_cards_comments`
--
ALTER TABLE `report_cards_comments`
  ADD PRIMARY KEY (`id`);

--
-- Indexes for table `report_cards_components`
--
ALTER TABLE `report_cards_components`
  ADD PRIMARY KEY (`id`);

--
-- Indexes for table `report_cards_mod`
--
ALTER TABLE `report_cards_mod`
  ADD PRIMARY KEY (`id`);

--
-- Indexes for table `report_cards_mod_components`
--
ALTER TABLE `report_cards_mod_components`
  ADD PRIMARY KEY (`id`);

--
-- Indexes for table `report_cards_strength_flexibility`
--
ALTER TABLE `report_cards_strength_flexibility`
  ADD PRIMARY KEY (`report_cards_strength_flexibility_id`);

--
-- Indexes for table `skills`
--
ALTER TABLE `skills`
  ADD PRIMARY KEY (`id`);

--
-- Indexes for table `status_emails_sent`
--
ALTER TABLE `status_emails_sent`
  ADD PRIMARY KEY (`id`);

--
-- Indexes for table `users`
--
ALTER TABLE `users`
  ADD PRIMARY KEY (`id`),
  ADD UNIQUE KEY `email` (`email`);

--
-- AUTO_INCREMENT for dumped tables
--

--
-- AUTO_INCREMENT for table `athletes`
--
ALTER TABLE `athletes`
  MODIFY `id` int(11) NOT NULL AUTO_INCREMENT, AUTO_INCREMENT=2104;

--
-- AUTO_INCREMENT for table `comments`
--
ALTER TABLE `comments`
  MODIFY `id` int(11) NOT NULL AUTO_INCREMENT, AUTO_INCREMENT=440;

--
-- AUTO_INCREMENT for table `comment_levels`
--
ALTER TABLE `comment_levels`
  MODIFY `id` int(11) NOT NULL AUTO_INCREMENT, AUTO_INCREMENT=830;

--
-- AUTO_INCREMENT for table `events`
--
ALTER TABLE `events`
  MODIFY `id` int(11) NOT NULL AUTO_INCREMENT, AUTO_INCREMENT=14;

--
-- AUTO_INCREMENT for table `levels`
--
ALTER TABLE `levels`
  MODIFY `id` int(11) NOT NULL AUTO_INCREMENT, AUTO_INCREMENT=45;

--
-- AUTO_INCREMENT for table `level_groups`
--
ALTER TABLE `level_groups`
  MODIFY `id` int(11) NOT NULL AUTO_INCREMENT, AUTO_INCREMENT=6;

--
-- AUTO_INCREMENT for table `report_cards`
--
ALTER TABLE `report_cards`
  MODIFY `id` int(11) NOT NULL AUTO_INCREMENT, AUTO_INCREMENT=51;

--
-- AUTO_INCREMENT for table `report_cards_comments`
--
ALTER TABLE `report_cards_comments`
  MODIFY `id` int(11) NOT NULL AUTO_INCREMENT, AUTO_INCREMENT=10;

--
-- AUTO_INCREMENT for table `report_cards_components`
--
ALTER TABLE `report_cards_components`
  MODIFY `id` int(11) NOT NULL AUTO_INCREMENT, AUTO_INCREMENT=3217;

--
-- AUTO_INCREMENT for table `report_cards_mod`
--
ALTER TABLE `report_cards_mod`
  MODIFY `id` int(11) NOT NULL AUTO_INCREMENT;

--
-- AUTO_INCREMENT for table `report_cards_mod_components`
--
ALTER TABLE `report_cards_mod_components`
  MODIFY `id` int(11) NOT NULL AUTO_INCREMENT;

--
-- AUTO_INCREMENT for table `report_cards_strength_flexibility`
--
ALTER TABLE `report_cards_strength_flexibility`
  MODIFY `report_cards_strength_flexibility_id` int(11) NOT NULL AUTO_INCREMENT;

--
-- AUTO_INCREMENT for table `skills`
--
ALTER TABLE `skills`
  MODIFY `id` int(11) NOT NULL AUTO_INCREMENT, AUTO_INCREMENT=781;

--
-- AUTO_INCREMENT for table `status_emails_sent`
--
ALTER TABLE `status_emails_sent`
  MODIFY `id` int(11) NOT NULL AUTO_INCREMENT, AUTO_INCREMENT=3;

--
-- AUTO_INCREMENT for table `users`
--
ALTER TABLE `users`
  MODIFY `id` int(11) NOT NULL AUTO_INCREMENT, AUTO_INCREMENT=4;
COMMIT;

/*!40101 SET CHARACTER_SET_CLIENT=@OLD_CHARACTER_SET_CLIENT */;
/*!40101 SET CHARACTER_SET_RESULTS=@OLD_CHARACTER_SET_RESULTS */;
/*!40101 SET COLLATION_CONNECTION=@OLD_COLLATION_CONNECTION */;
